cycle;leg;time;price;qty;kind
1;1;2023-08-25 14:17;15039.0;2;ENTRY
2;1;2023-08-28 12:07;15039.0;2;ENTRY
2;2;2023-08-29 14:16;15260.75;2;ADD
2;3;2023-08-30 14:02;15484.0;2;ADD
3;1;2023-08-29 14:06;15243.0;2;ENTRY
3;2;2023-08-30 02:12;15463.5;2;ADD
4;1;2023-10-06 07:31;14885.0;2;ENTRY
5;1;2023-10-06 15:35;14977.0;2;ENTRY
5;2;2023-10-09 17:58;15187.75;2;ADD
5;3;2023-10-11 20:02;15401.25;2;ADD
6;1;2023-10-08 22:01;15040.25;2;ENTRY
6;2;2023-10-10 14:01;15255.25;2;ADD
6;3;2023-10-12 16:22;15467.75;2;ADD
7;1;2024-05-05 22:01;18047.5;1;ENTRY
7;2;2024-05-10 13:41;18321.25;1;ADD
7;3;2024-05-15 15:09;18594.0;1;ADD
8;1;2024-05-05 22:01;18047.5;1;ENTRY
8;2;2024-05-10 13:41;18321.25;1;ADD
8;3;2024-05-15 15:09;18594.0;1;ADD
9;1;2024-08-29 13:35;19580.0;1;ENTRY
10;1;2024-08-29 14:51;19687.0;1;ENTRY
11;1;2024-11-06 02:12;20440.0;1;ENTRY
11;2;2024-11-06 08:51;20714.5;1;ADD
11;3;2024-11-07 13:08;20988.0;1;ADD
11;4;2024-11-08 05:50;21262.75;1;ADD
12;1;2024-11-06 02:41;20558.0;1;ENTRY
12;2;2024-11-06 18:09;20834.5;1;ADD
12;3;2024-11-07 15:06;21121.75;1;ADD
13;1;2024-11-06 07:02;20674.0;1;ENTRY
13;2;2024-11-07 05:52;20945.75;1;ADD
13;3;2024-11-07 19:59;21222.0;1;ADD
14;1;2024-11-06 07:04;20687.0;1;ENTRY
14;2;2024-11-07 12:12;20966.0;1;ADD
14;3;2024-11-07 20:16;21244.75;1;ADD
15;1;2025-01-17 14:29;21664.0;1;ENTRY
16;1;2025-01-29 06:01;21637.0;1;ENTRY
16;2;2025-01-31 15:37;21933.25;1;ADD
17;1;2025-01-29 08:13;21692.0;1;ENTRY
18;1;2025-01-30 08:19;21692.0;1;ENTRY
19;1;2025-03-17 13:37;20008.0;1;ENTRY
20;1;2025-03-17 18:12;20070.0;1;ENTRY
21;1;2025-03-19 18:57;20008.0;1;ENTRY
22;1;2025-03-19 19:06;20070.0;1;ENTRY
23;1;2025-04-13 22:01;19225.0;1;ENTRY
24;1;2025-04-13 22:01;19225.0;1;ENTRY
25;1;2025-04-13 22:01;19225.0;1;ENTRY
26;1;2025-04-13 22:01;19225.0;1;ENTRY
27;1;2025-04-13 22:01;19225.0;1;ENTRY
28;1;2025-04-13 22:01;19225.0;1;ENTRY
29;1;2025-04-14 16:12;18807.75;1;ENTRY
30;1;2025-04-14 19:07;19052.0;1;ENTRY
31;1;2025-04-16 00:35;18655.0;1;ENTRY
32;1;2025-04-16 00:35;18655.0;1;ENTRY
33;1;2025-04-16 17:32;18548.75;1;ENTRY
