market,date,dir,net_dollar
NQ,2023-08-25,-1,8808.31
NQ,2023-08-28,-1,-40110.0
NQ,2023-08-29,-1,-2400.0
NQ,2023-10-06,-1,8263.5
NQ,2023-10-06,-1,-12190.0
NQ,2023-10-08,-1,24790.5
NQ,2024-05-05,-1,-24005.0
NQ,2024-05-05,-1,-24005.0
NQ,2024-08-29,-1,6944.18
NQ,2024-08-29,-1,6944.18
NQ,2024-11-06,-1,21721.8
NQ,2024-11-06,-1,16573.28
NQ,2024-11-06,-1,16291.35
NQ,2024-11-06,-1,16573.28
NQ,2025-01-17,-1,5477.17
NQ,2025-01-29,-1,11839.05
NQ,2025-01-29,-1,5919.52
NQ,2025-01-30,-1,5919.52
NQ,2025-03-17,-1,7963.24
NQ,2025-03-17,-1,7963.24
NQ,2025-03-19,-1,7963.24
NQ,2025-03-19,-1,7963.24
NQ,2025-04-13,-1,8991.05
NQ,2025-04-13,-1,8991.05
NQ,2025-04-13,-1,11758.55
NQ,2025-04-13,-1,11758.55
NQ,2025-04-13,-1,14670.56
NQ,2025-04-13,-1,14670.56
NQ,2025-04-14,-1,8991.05
NQ,2025-04-14,-1,8991.05
NQ,2025-04-16,-1,11758.55
NQ,2025-04-16,-1,11758.55
NQ,2025-04-16,-1,14670.56
