market,date,dir,net_dollar,regime_config,regime_biais,regime_decision
NQ,2023-08-25,-1,8808.31,R/up,NEUTRE,garde
NQ,2023-08-28,-1,-40110.0,R/up,NEUTRE,garde
NQ,2023-08-29,-1,-2400.0,R/up,NEUTRE,garde
NQ,2023-10-06,-1,8263.5,R/up,NEUTRE,garde
NQ,2023-10-06,-1,-12190.0,R/up,NEUTRE,garde
NQ,2023-10-08,-1,24790.5,R/up,NEUTRE,garde
NQ,2024-05-05,-1,-24005.0,R/flat,LONG,exclu
NQ,2024-05-05,-1,-24005.0,R/flat,LONG,exclu
NQ,2024-08-29,-1,6944.18,R/down,LONG,exclu
NQ,2024-08-29,-1,6944.18,R/down,LONG,exclu
NQ,2024-11-06,-1,21721.8,R/flat,LONG,exclu
NQ,2024-11-06,-1,16573.28,R/flat,LONG,exclu
NQ,2024-11-06,-1,16291.35,R/flat,LONG,exclu
NQ,2024-11-06,-1,16573.28,R/flat,LONG,exclu
NQ,2025-01-17,-1,5477.17,R/up,NEUTRE,garde
NQ,2025-01-29,-1,11839.05,R/flat,LONG,exclu
NQ,2025-01-29,-1,5919.52,R/flat,LONG,exclu
NQ,2025-01-30,-1,5919.52,R/flat,LONG,exclu
NQ,2025-03-17,-1,7963.24,R/flat,LONG,exclu
NQ,2025-03-17,-1,7963.24,R/flat,LONG,exclu
NQ,2025-03-19,-1,7963.24,R/flat,LONG,exclu
NQ,2025-03-19,-1,7963.24,R/flat,LONG,exclu
NQ,2025-04-13,-1,8991.05,R/flat,LONG,exclu
NQ,2025-04-13,-1,8991.05,R/flat,LONG,exclu
NQ,2025-04-13,-1,11758.55,R/flat,LONG,exclu
NQ,2025-04-13,-1,11758.55,R/flat,LONG,exclu
NQ,2025-04-13,-1,14670.56,R/flat,LONG,exclu
NQ,2025-04-13,-1,14670.56,R/flat,LONG,exclu
NQ,2025-04-14,-1,8991.05,R/flat,LONG,exclu
NQ,2025-04-14,-1,8991.05,R/flat,LONG,exclu
NQ,2025-04-16,-1,11758.55,R/flat,LONG,exclu
NQ,2025-04-16,-1,11758.55,R/flat,LONG,exclu
NQ,2025-04-16,-1,14670.56,R/flat,LONG,exclu
