id;zone_trend;level;level_px;qty;atr;n_units;entry_time;avg_entry;exit_time;exit_px;reason;net_dollar;mfe_t;mae_t;regime;min_latent_d
1;2022-12-22;VAL;10979.0;10;46.65;3;2022-12-22 19:59;11032.83;2022-12-23 10:54;11100.75;Emergency;-40750.0;3.0;485.0;both;-40750.0
2;2022-12-22;VAH;11030.0;10;46.65;2;2022-12-22 20:22;11053.75;2022-12-23 13:31;11007.1;TP;18658.73;153.0;324.0;both;-22400.0
3;2022-12-22;VAL;10979.0;10;46.65;1;2022-12-23 14:00;11050.5;2022-12-23 14:28;11003.85;TP;9329.37;169.0;38.0;both;-700.0
4;2022-12-22;VAH;11030.0;10;46.65;1;2022-12-23 14:00;11050.5;2022-12-23 14:28;11003.85;TP;9329.37;169.0;38.0;both;-700.0
5;2022-12-23;VAL;11043.0;10;48.43;2;2022-12-23 15:20;11067.5;2022-12-23 15:52;11019.07;TP;19371.74;92.0;241.0;both;-13600.0
6;2023-01-03;VAL;11040.0;11;42.31;1;2023-01-03 14:00;11124.0;2023-01-03 14:32;11081.69;TP;9307.48;97.0;67.0;both;-2805.0
7;2023-01-03;VAH;11043.0;11;42.31;1;2023-01-03 14:00;11124.0;2023-01-03 14:32;11081.69;TP;9307.48;97.0;67.0;both;-2805.0
8;2023-01-03;VAL;11126.0;11;44.72;1;2023-01-03 14:00;11126.0;2023-01-03 14:32;11081.28;TP;9837.84;105.0;59.0;both;-2365.0
9;2023-01-03;VAL;10920.0;8;57.87;3;2023-01-03 19:01;10980.42;2023-01-04 15:02;10960.25;Expired;9680.0;197.0;525.0;both;-33400.0
10;2023-01-05;VAL;10922.0;10;49.89;1;2023-01-05 15:09;10922.0;2023-01-05 15:18;10872.11;TP;9977.32;190.0;0.0;both;0.0
11;2023-01-05;VAL;10864.0;8;56.77;1;2023-01-06 14:00;10949.0;2023-01-06 14:10;10892.23;TP;9083.94;226.0;7.0;both;0.0
12;2023-01-05;VAH;10894.0;8;56.77;1;2023-01-06 14:00;10949.0;2023-01-06 14:10;10892.23;TP;9083.94;226.0;7.0;both;0.0
13;2023-01-06;VAL;10817.0;10;48.92;3;2023-01-06 15:01;10877.92;2023-01-06 15:37;10944.75;Emergency;-40100.0;0.0;503.0;both;-40100.0
14;2023-01-06;VAH;10943.0;10;48.92;3;2023-01-06 15:37;10992.42;2023-01-06 18:39;11061.25;Emergency;-41300.0;21.0;469.0;both;-41300.0
15;2023-01-12;VAL;11426.0;12;41.38;2;2023-01-12 15:12;11456.5;2023-01-12 15:47;11415.12;TP;19864.74;42.0;342.0;both;-20160.0
16;2023-01-12;VAH;11528.0;12;41.38;1;2023-01-12 17:21;11528.0;2023-01-12 18:29;11486.62;TP;9932.37;148.0;130.0;both;-7440.0
17;2023-01-16;VAL;11583.0;13;36.7;1;2023-01-16 14:00;11589.5;2023-01-17 01:55;11552.8;TP;9540.89;116.0;87.0;both;-4745.0
18;2023-01-16;VAH;11589.0;13;36.7;1;2023-01-16 14:00;11589.5;2023-01-17 01:55;11552.8;TP;9540.89;116.0;87.0;both;-4745.0
19;2023-01-19;VAL;11376.0;12;40.27;1;2023-01-19 16:11;11376.0;2023-01-19 16:27;11335.73;TP;9664.45;146.0;15.0;both;0.0
20;2023-01-19;VAL;11406.0;10;48.08;3;2023-01-20 14:00;11465.67;2023-01-20 16:30;11536.0;Emergency;-42200.0;111.0;448.0;both;-42200.0
21;2023-01-31;VAL;11982.0;11;42.5;2;2023-01-31 14:08;12025.0;2023-01-31 15:01;11982.5;TP;18700.74;128.0;217.0;both;-10560.0
22;2023-01-31;VAH;11993.0;11;42.5;2;2023-01-31 14:08;12025.0;2023-01-31 15:01;11982.5;TP;18700.74;128.0;217.0;both;-10560.0
23;2023-01-31;VAL;11932.0;12;40.37;2;2023-01-31 14:08;12025.0;2023-01-31 15:01;11984.63;TP;19378.99;128.0;217.0;both;-11520.0
24;2023-01-31;VAH;11962.0;12;40.37;2;2023-01-31 14:08;12025.0;2023-01-31 15:01;11984.63;TP;19378.99;128.0;217.0;both;-11520.0
25;2023-02-01;VAL;12119.0;14;35.56;1;2023-02-01 16:17;12119.0;2023-02-01 19:01;12083.44;TP;9956.45;86.0;170.0;both;-9030.0
26;2023-02-01;VAH;12150.0;14;35.56;1;2023-02-01 19:02;12150.0;2023-02-01 19:03;12114.44;TP;9956.45;0.0;0.0;both;0.0
27;2023-02-07;VAL;12536.0;8;56.48;1;2023-02-08 14:02;12718.75;2023-02-08 15:07;12662.27;TP;9036.13;225.0;133.0;both;-3880.0
28;2023-02-07;VAH;12690.0;8;56.48;1;2023-02-08 14:02;12718.75;2023-02-08 15:07;12662.27;TP;9036.13;225.0;133.0;both;-3880.0
29;2023-02-13;VAL;12530.0;10;47.26;1;2023-02-14 14:00;12534.0;2023-02-14 14:11;12486.74;TP;9452.06;161.0;65.0;both;-1050.0
30;2023-02-13;VAH;12562.0;10;47.26;1;2023-02-14 15:36;12563.5;2023-02-14 15:37;12516.24;TP;9452.06;0.0;0.0;both;0.0
31;2023-02-14;VAL;12438.0;9;53.89;1;2023-02-14 16:01;12490.75;2023-02-14 16:34;12436.86;TP;9700.69;205.0;226.0;both;-8730.0
32;2023-02-17;VAL;12369.0;11;43.01;1;2023-02-17 15:14;12369.0;2023-02-17 15:49;12325.99;TP;9462.58;163.0;159.0;both;-4895.0
33;2023-02-17;VAH;12390.0;11;43.01;1;2023-02-17 15:20;12390.0;2023-02-17 15:42;12346.99;TP;9462.58;168.0;75.0;both;-275.0
34;2023-02-22;VAL;12120.0;16;29.81;2;2023-02-22 14:03;12149.5;2023-02-22 15:01;12119.69;TP;19076.3;66.0;170.0;both;-11360.0
35;2023-02-22;VAH;12138.0;16;29.81;1;2023-02-22 14:36;12138.0;2023-02-22 15:03;12108.19;TP;9538.15;116.0;146.0;both;-9360.0
36;2023-02-22;VAL;12138.0;12;40.82;1;2023-02-23 14:37;12224.0;2023-02-23 15:08;12183.18;TP;9796.06;163.0;125.0;both;-6120.0
37;2023-02-22;VAH;12163.0;12;40.82;1;2023-02-23 14:37;12224.0;2023-02-23 15:08;12183.18;TP;9796.06;163.0;125.0;both;-6120.0
38;2023-02-23;VAL;12151.0;11;43.58;3;2023-02-23 19:15;12198.42;2023-02-24 07:25;12154.84;TP;28763.66;6.0;391.0;both;-30910.0
39;2023-02-23;VAL;12220.0;13;38.24;1;2023-02-23 20:05;12220.0;2023-02-23 23:16;12181.76;TP;9943.3;148.0;115.0;both;-6565.0
40;2023-02-23;VAH;12222.0;11;43.58;1;2023-02-23 20:20;12227.5;2023-02-23 23:02;12183.92;TP;9587.89;168.0;85.0;both;-3905.0
41;2023-02-24;VAL;11943.0;10;47.1;2;2023-02-24 18:01;11971.88;2023-02-26 23:01;12001.0;Expired;-11650.0;57.0;303.0;both;-17250.0
42;2023-02-24;VAH;11993.0;10;47.1;1;2023-02-24 19:55;11993.0;2023-02-24 20:51;11945.9;TP;9419.85;164.0;112.0;both;-4400.0
43;2023-02-27;VAL;12116.0;13;38.15;1;2023-02-27 16:11;12116.0;2023-02-27 16:33;12077.85;TP;9917.82;146.0;8.0;both;0.0
44;2023-02-27;VAH;12136.0;13;38.15;1;2023-02-27 19:05;12139.25;2023-02-27 19:43;12101.1;TP;9917.82;136.0;22.0;both;-650.0
45;2023-02-28;VAL;12090.0;14;33.46;1;2023-02-28 14:03;12098.25;2023-02-28 14:20;12064.79;TP;9369.35;131.0;0.0;both;0.0
46;2023-02-28;VAH;12098.0;14;33.46;1;2023-02-28 14:03;12098.25;2023-02-28 14:20;12064.79;TP;9369.35;131.0;0.0;both;0.0
47;2023-03-01;VAL;12029.0;12;38.54;1;2023-03-01 17:12;12029.0;2023-03-01 18:07;11990.46;TP;9250.47;149.0;25.0;both;0.0
48;2023-03-08;VAL;12179.0;11;43.05;1;2023-03-08 18:03;12196.0;2023-03-08 18:30;12152.95;TP;9470.19;166.0;0.0;both;0.0
49;2023-03-10;VAL;12055.0;9;52.5;1;2023-03-10 16:32;12055.0;2023-03-10 16:47;12002.5;TP;9449.29;163.0;98.0;both;-3915.0
50;2023-03-21;VAL;12782.0;9;51.03;3;2023-03-21 16:33;12836.08;2023-03-22 12:34;12843.5;Expired;-4005.0;103.0;465.0;both;-32085.0
51;2023-03-21;VAH;12807.0;9;51.03;2;2023-03-21 17:29;12834.5;2023-03-22 13:30;12872.25;Expired;-13590.0;101.0;365.0;both;-21960.0
52;2023-03-22;VAL;12866.0;13;38.09;3;2023-03-22 14:05;12933.67;2023-03-22 18:05;12985.5;Emergency;-40430.0;83.0;445.0;both;-40430.0
53;2023-03-22;VAH;12875.0;13;38.09;3;2023-03-22 14:05;12933.67;2023-03-22 18:05;12985.5;Emergency;-40430.0;83.0;445.0;both;-40430.0
54;2023-03-24;VAL;12841.0;9;50.36;1;2023-03-24 14:15;12841.0;2023-03-24 14:16;12790.64;TP;9065.59;0.0;0.0;both;0.0
55;2023-03-27;VAL;12867.0;9;51.24;1;2023-03-27 19:02;12867.0;2023-03-27 19:38;12815.76;TP;9222.6;193.0;7.0;both;0.0
56;2023-03-27;VAL;12812.0;9;55.1;1;2023-03-27 20:03;12812.0;2023-03-28 07:58;12756.9;TP;9917.5;202.0;86.0;both;-3420.0
57;2023-03-29;VAL;12891.0;14;34.35;3;2023-03-29 15:24;12926.42;2023-03-29 19:19;12975.5;Emergency;-41230.0;8.0;336.0;both;-41230.0
58;2023-04-03;VAL;13223.0;16;30.07;2;2023-04-03 14:14;13244.75;2023-04-03 14:49;13214.68;TP;19242.28;13.0;176.0;both;-13120.0
59;2023-04-03;VAL;13212.0;16;31.06;3;2023-04-03 18:47;13244.83;2023-04-04 09:20;13288.0;Emergency;-41440.0;0.0;299.0;both;-41440.0
60;2023-04-04;VAL;13224.0;13;37.48;1;2023-04-04 20:01;13224.0;2023-04-05 08:32;13186.52;TP;9743.66;143.0;93.0;both;-5850.0
61;2023-04-11;VAL;13099.0;15;31.72;1;2023-04-11 16:13;13099.0;2023-04-11 16:37;13067.28;TP;9515.71;103.0;16.0;both;0.0
62;2023-04-12;VAL;13074.0;11;41.83;1;2023-04-12 16:18;13076.0;2023-04-12 18:28;13034.17;TP;9203.25;132.0;132.0;both;-7040.0
63;2023-04-14;VAL;13150.0;12;39.24;1;2023-04-14 15:02;13150.0;2023-04-14 15:40;13110.76;TP;9418.8;141.0;80.0;both;-4560.0
64;2023-04-14;VAL;13116.0;11;45.06;3;2023-04-14 18:11;13163.5;2023-04-16 22:01;13207.5;Expired;-29040.0;27.0;384.0;both;-31515.0
65;2023-04-14;VAH;13150.0;11;45.06;2;2023-04-14 18:24;13172.75;2023-04-16 22:01;13207.5;Expired;-15290.0;145.0;248.0;both;-16940.0
66;2023-04-19;VAL;13103.0;16;29.63;3;2023-04-19 14:00;13135.25;2023-04-19 16:01;13179.5;Emergency;-42480.0;49.0;300.0;both;-42480.0
67;2023-04-20;VAL;13118.0;17;28.96;2;2023-04-20 14:00;13134.25;2023-04-20 15:08;13105.29;TP;19691.88;47.0;157.0;both;-12750.0
68;2023-04-20;VAL;13060.0;16;31.19;2;2023-04-20 14:00;13135.88;2023-04-20 15:08;13104.69;TP;19958.85;47.0;157.0;both;-10960.0
69;2023-04-20;VAH;13107.0;16;31.19;2;2023-04-20 14:00;13135.88;2023-04-20 15:08;13104.69;TP;19958.85;47.0;157.0;both;-10960.0
70;2023-04-24;VAL;13030.0;14;34.92;2;2023-04-24 17:52;13047.62;2023-04-25 03:55;13012.71;TP;19553.17;69.0;151.0;both;-10150.0
71;2023-04-25;VAL;12899.0;15;32.67;3;2023-04-25 20:03;12936.75;2023-04-25 22:08;12989.75;Emergency;-47700.0;122.0;304.0;both;-47700.0
72;2023-04-25;VAH;12923.0;15;32.67;3;2023-04-25 20:04;12958.42;2023-04-26 10:57;12925.75;TP;29398.67;120.0;294.0;both;-31575.0
73;2023-04-25;VAL;12899.0;15;32.67;1;2023-04-26 14:00;12961.75;2023-04-26 14:16;12929.08;TP;9799.56;111.0;23.0;both;-1350.0
74;2023-04-25;VAH;12923.0;15;32.67;1;2023-04-26 14:00;12961.75;2023-04-26 14:16;12929.08;TP;9799.56;111.0;23.0;both;-1350.0
75;2023-04-26;VAL;12936.0;14;34.39;1;2023-04-26 14:00;12961.75;2023-04-26 14:16;12927.36;TP;9628.0;111.0;23.0;both;-1260.0
76;2023-04-26;VAL;12965.0;14;33.42;1;2023-04-26 14:08;12965.75;2023-04-26 14:16;12932.33;TP;9357.36;102.0;7.0;both;0.0
77;2023-04-26;VAH;12965.0;14;34.39;1;2023-04-26 14:08;12965.75;2023-04-26 14:16;12931.36;TP;9628.0;102.0;7.0;both;0.0
78;2023-05-03;VAL;13192.0;16;29.52;2;2023-05-03 15:01;13215.75;2023-05-03 18:06;13186.23;TP;18891.51;90.0;297.0;both;-20480.0
79;2023-05-03;VAH;13219.0;16;29.52;1;2023-05-03 16:52;13219.0;2023-05-03 18:06;13189.48;TP;9445.76;98.0;220.0;both;-9200.0
80;2023-05-09;VAL;13279.0;20;24.99;1;2023-05-09 16:56;13279.0;2023-05-09 19:43;13254.01;TP;9995.2;94.0;62.0;both;-5900.0
81;2023-05-10;VAL;13274.0;24;20.51;1;2023-05-10 14:42;13390.5;2023-05-10 14:43;13369.99;TP;9844.31;0.0;0.0;both;0.0
82;2023-05-10;VAH;13283.0;24;20.51;1;2023-05-10 14:42;13390.5;2023-05-10 14:43;13369.99;TP;9844.31;0.0;0.0;both;0.0
83;2023-05-10;VAL;13334.0;15;32.37;2;2023-05-10 15:02;13350.25;2023-05-10 17:12;13317.88;TP;19424.64;55.0;236.0;both;-23400.0
84;2023-05-10;VAL;13341.0;12;39.9;1;2023-05-10 17:06;13341.0;2023-05-10 17:25;13301.1;TP;9577.0;158.0;13.0;both;0.0
85;2023-05-12;VAL;13374.0;16;31.01;1;2023-05-12 19:35;13374.0;2023-05-14 22:01;13372.0;Expired;640.0;22.0;114.0;both;-8160.0
86;2023-05-12;VAH;13399.0;16;31.01;1;2023-05-12 19:56;13399.0;2023-05-14 22:01;13372.0;Expired;8640.0;115.0;5.0;both;0.0
87;2023-05-16;VAL;13456.0;21;23.16;1;2023-05-16 14:00;13487.25;2023-05-16 14:11;13464.09;TP;9728.41;54.0;36.0;both;-2100.0
88;2023-05-16;VAH;13465.0;21;23.16;1;2023-05-16 14:00;13487.25;2023-05-16 14:11;13464.09;TP;9728.41;54.0;36.0;both;-2100.0
89;2023-05-17;VAL;13616.0;14;33.59;3;2023-05-18 14:00;13749.58;2023-05-18 15:02;13803.5;Emergency;-45290.0;55.0;317.0;both;-45290.0
90;2023-05-17;VAH;13654.0;14;33.59;3;2023-05-18 14:00;13749.58;2023-05-18 15:02;13803.5;Emergency;-45290.0;55.0;317.0;both;-45290.0
91;2023-05-18;VAL;13675.0;21;23.18;3;2023-05-18 14:00;13737.92;2023-05-18 14:29;13773.75;Emergency;-45150.0;55.0;219.0;both;-45150.0
92;2023-05-18;VAH;13681.0;21;23.18;3;2023-05-18 14:00;13737.92;2023-05-18 14:29;13773.75;Emergency;-45150.0;55.0;219.0;both;-45150.0
93;2023-05-22;VAL;13847.0;16;30.34;1;2023-05-22 15:01;13910.5;2023-05-22 16:31;13880.16;TP;9709.17;114.0;63.0;both;-4560.0
94;2023-05-22;VAH;13919.0;16;30.34;1;2023-05-22 15:08;13919.0;2023-05-22 15:46;13888.66;TP;9709.17;116.0;29.0;both;-1840.0
95;2023-05-24;VAL;13628.0;16;30.61;1;2023-05-24 15:28;13628.0;2023-05-24 15:44;13597.39;TP;9795.92;81.0;4.0;both;0.0
96;2023-05-24;VAH;13660.0;16;30.61;2;2023-05-24 19:51;13696.12;2023-05-24 20:21;13665.51;TP;19591.83;109.0;0.0;both;0.0
97;2023-05-24;VAL;13839.0;10;47.11;3;2023-05-25 14:13;13924.08;2023-05-25 16:23;13992.0;Emergency;-40750.0;88.0;446.0;both;-40750.0
98;2023-05-24;VAH;13846.0;10;47.11;3;2023-05-25 14:13;13924.08;2023-05-25 16:23;13992.0;Emergency;-40750.0;88.0;446.0;both;-40750.0
99;2023-05-30;VAL;14412.0;12;40.49;1;2023-05-30 18:31;14412.0;2023-05-30 19:56;14371.51;TP;9718.49;157.0;127.0;both;-6600.0
100;2023-05-30;VAH;14443.0;12;40.49;1;2023-05-30 18:46;14443.0;2023-05-30 19:17;14402.51;TP;9718.49;156.0;2.0;both;0.0
101;2023-05-31;VAL;14346.0;13;38.03;1;2023-05-31 17:40;14346.0;2023-05-31 18:52;14307.97;TP;9886.51;125.0;76.0;both;-2340.0
102;2023-06-01;VAL;14482.0;11;44.69;3;2023-06-02 14:00;14533.75;2023-06-02 15:03;14597.75;Emergency;-42240.0;76.0;431.0;both;-42240.0
103;2023-06-08;VAL;14304.0;13;37.35;3;2023-06-08 14:01;14419.58;2023-06-08 15:04;14472.5;Emergency;-41275.0;46.0;367.0;both;-41275.0
104;2023-06-08;VAH;14322.0;13;37.35;3;2023-06-08 14:01;14419.58;2023-06-08 15:04;14472.5;Emergency;-41275.0;46.0;367.0;both;-41275.0
105;2023-06-09;VAL;14549.0;13;38.02;2;2023-06-09 15:01;14608.75;2023-06-09 15:26;14570.73;TP;19769.98;0.0;217.0;both;-17940.0
106;2023-06-09;VAH;14636.0;13;38.02;1;2023-06-09 15:12;14636.0;2023-06-09 15:23;14597.98;TP;9884.99;121.0;31.0;both;-1885.0
107;2023-06-09;VAL;14609.0;11;42.52;1;2023-06-09 17:47;14609.0;2023-06-09 18:40;14566.48;TP;9354.01;162.0;25.0;both;-1210.0
108;2023-06-20;VAL;15211.0;14;33.83;1;2023-06-20 14:00;15239.5;2023-06-20 14:02;15205.67;TP;9473.15;98.0;0.0;both;0.0
109;2023-06-20;VAH;15237.0;14;33.83;1;2023-06-20 14:00;15239.5;2023-06-20 14:02;15205.67;TP;9473.15;98.0;0.0;both;0.0
110;2023-06-20;VAL;15241.0;13;37.98;2;2023-06-20 16:29;15262.75;2023-06-21 06:11;15224.77;TP;19751.29;47.0;186.0;both;-11310.0
111;2023-06-26;VAL;15024.0;12;39.57;1;2023-06-26 14:01;15137.0;2023-06-26 14:33;15097.43;TP;9497.35;148.0;62.0;both;-2760.0
112;2023-06-26;VAH;15053.0;12;39.57;1;2023-06-26 14:01;15137.0;2023-06-26 14:33;15097.43;TP;9497.35;148.0;62.0;both;-2760.0
113;2023-06-26;VAL;15036.0;11;42.42;1;2023-06-26 15:01;15081.0;2023-06-26 15:06;15038.58;TP;9332.64;155.0;0.0;both;0.0
114;2023-06-26;VAL;14909.0;9;53.37;1;2023-06-27 14:02;14965.5;2023-06-27 14:11;14912.13;TP;9606.18;202.0;18.0;both;0.0
115;2023-06-26;VAH;14949.0;9;53.37;1;2023-06-27 14:02;14965.5;2023-06-27 14:11;14912.13;TP;9606.18;202.0;18.0;both;0.0
116;2023-07-03;VAL;15348.0;16;30.28;1;2023-07-03 16:44;15348.0;2023-07-04 12:45;15357.0;Expired;-2880.0;55.0;76.0;both;-5360.0
117;2023-07-05;VAL;15341.0;30;16.25;3;2023-07-05 14:00;15394.25;2023-07-05 14:26;15417.0;Emergency;-40950.0;47.0;155.0;both;-40950.0
118;2023-07-05;VAH;15347.0;30;16.25;3;2023-07-05 14:00;15394.25;2023-07-05 14:26;15417.0;Emergency;-40950.0;47.0;155.0;both;-40950.0
119;2023-07-05;VAL;15301.0;27;18.5;3;2023-07-05 14:00;15402.92;2023-07-05 14:39;15430.5;Emergency;-44685.0;47.0;216.0;both;-44685.0
120;2023-07-05;VAH;15315.0;27;18.5;3;2023-07-05 14:00;15402.92;2023-07-05 14:39;15430.5;Emergency;-44685.0;47.0;216.0;both;-44685.0
121;2023-07-07;VAL;15201.0;14;35.52;3;2023-07-07 15:01;15277.58;2023-07-07 16:36;15331.0;Emergency;-44870.0;8.0;340.0;both;-44870.0
122;2023-07-07;VAH;15249.0;14;35.52;3;2023-07-07 15:03;15291.0;2023-07-07 17:02;15339.25;Emergency;-40530.0;33.0;361.0;both;-40530.0
123;2023-07-12;VAL;15472.0;13;37.37;1;2023-07-12 18:18;15472.0;2023-07-12 19:23;15434.63;TP;9715.73;120.0;24.0;both;-1430.0
124;2023-07-25;VAL;15605.0;15;32.97;3;2023-07-25 15:01;15647.5;2023-07-25 16:56;15692.5;Emergency;-40500.0;10.0;312.0;both;-40500.0
125;2023-07-25;VAH;15648.0;15;32.97;3;2023-07-25 15:20;15683.17;2023-07-25 18:36;15728.5;Emergency;-40800.0;22.0;309.0;both;-40800.0
126;2023-07-26;VAL;15586.0;14;34.8;1;2023-07-26 15:51;15586.0;2023-07-26 16:47;15551.2;TP;9743.14;139.0;50.0;both;-2660.0
127;2023-07-26;VAL;15516.0;12;40.35;3;2023-07-26 17:01;15604.75;2023-07-26 18:42;15678.5;Emergency;-53100.0;67.0;468.0;both;-53100.0
128;2023-07-26;VAH;15566.0;12;40.35;3;2023-07-26 17:51;15623.5;2023-07-26 19:08;15583.15;TP;29051.45;125.0;474.0;both;-39600.0
129;2023-07-26;VAH;15627.0;14;34.8;1;2023-07-26 19:04;15627.75;2023-07-26 19:07;15592.95;TP;9743.14;43.0;13.0;both;0.0
130;2023-07-27;VAL;15847.0;12;41.24;1;2023-07-27 16:28;15847.0;2023-07-27 17:06;15805.76;TP;9898.2;109.0;39.0;both;-1680.0
131;2023-07-27;VAL;15709.0;9;52.93;2;2023-07-28 14:00;15827.0;2023-07-30 22:01;15846.5;Expired;-7020.0;96.0;390.0;both;-24300.0
132;2023-07-27;VAH;15786.0;9;52.93;2;2023-07-28 14:00;15827.0;2023-07-30 22:01;15846.5;Expired;-7020.0;96.0;390.0;both;-24300.0
133;2023-08-03;VAL;15443.0;11;41.69;1;2023-08-03 14:00;15443.25;2023-08-03 14:11;15401.56;TP;9172.23;149.0;94.0;both;-3960.0
134;2023-08-03;VAL;15431.0;11;42.26;1;2023-08-03 14:00;15443.25;2023-08-03 14:11;15400.99;TP;9296.62;149.0;94.0;both;-3960.0
135;2023-08-03;VAH;15464.0;11;41.69;1;2023-08-03 14:03;15464.0;2023-08-03 14:08;15422.31;TP;9172.23;163.0;0.0;both;0.0
136;2023-08-04;VAL;15424.0;9;51.42;1;2023-08-04 14:01;15449.25;2023-08-04 14:07;15397.83;TP;9255.4;176.0;23.0;both;0.0
137;2023-08-09;VAL;15261.0;11;42.43;1;2023-08-09 17:40;15261.0;2023-08-09 19:46;15218.57;TP;9335.69;145.0;182.0;both;-9075.0
138;2023-08-09;VAL;15265.0;12;39.68;1;2023-08-09 18:06;15265.0;2023-08-09 19:45;15225.32;TP;9523.56;151.0;166.0;both;-8940.0
139;2023-08-09;VAL;15273.0;10;47.92;1;2023-08-10 14:12;15416.25;2023-08-10 14:39;15368.33;TP;9583.62;185.0;82.0;both;-2950.0
140;2023-08-09;VAH;15301.0;10;47.92;1;2023-08-10 14:12;15416.25;2023-08-10 14:39;15368.33;TP;9583.62;185.0;82.0;both;-2950.0
141;2023-08-10;VAL;15284.0;10;45.7;1;2023-08-10 15:01;15331.75;2023-08-10 15:06;15286.05;TP;9140.73;163.0;0.0;both;0.0
142;2023-08-10;VAL;15208.0;8;56.42;2;2023-08-10 18:15;15236.88;2023-08-11 08:26;15180.45;TP;18055.49;137.0;235.0;both;-9240.0
143;2023-08-10;VAH;15248.0;8;56.42;1;2023-08-10 19:19;15248.0;2023-08-10 19:33;15191.58;TP;9027.74;223.0;0.0;both;0.0
144;2023-08-14;VAL;15075.0;9;50.44;3;2023-08-14 14:01;15170.08;2023-08-14 15:51;15245.25;Emergency;-40590.0;63.0;525.0;both;-40590.0
145;2023-08-16;VAL;15093.0;13;37.9;1;2023-08-16 14:00;15106.0;2023-08-16 15:48;15068.1;TP;9853.36;140.0;152.0;both;-7735.0
146;2023-08-16;VAH;15112.0;13;37.9;1;2023-08-16 14:08;15112.0;2023-08-16 15:45;15074.1;TP;9853.36;136.0;128.0;both;-6175.0
147;2023-08-21;VAL;14827.0;11;43.44;3;2023-08-21 15:01;14876.17;2023-08-21 17:26;14937.25;Emergency;-40315.0;166.0;407.0;both;-40315.0
148;2023-08-21;VAH;14903.0;11;43.44;3;2023-08-21 17:04;14947.42;2023-08-21 19:43;15011.75;Emergency;-42460.0;74.0;423.0;both;-42460.0
149;2023-08-22;VAL;14985.0;11;42.88;1;2023-08-22 16:01;14985.0;2023-08-22 16:17;14942.12;TP;9434.04;169.0;16.0;both;-220.0
150;2023-08-23;VAL;15049.0;13;36.14;3;2023-08-23 14:01;15134.83;2023-08-23 15:15;15188.5;Emergency;-41860.0;45.0;371.0;both;-41860.0
151;2023-08-23;VAH;15063.0;13;36.14;3;2023-08-23 14:01;15134.83;2023-08-23 15:15;15188.5;Emergency;-41860.0;45.0;371.0;both;-41860.0
152;2023-08-24;VAL;15031.0;8;56.69;1;2023-08-24 16:42;15031.0;2023-08-24 17:27;14974.31;TP;9070.58;226.0;34.0;both;-760.0
153;2023-08-24;VAL;14939.0;8;60.81;1;2023-08-25 14:01;14946.5;2023-08-25 14:09;14885.69;TP;9729.71;205.0;196.0;both;-6080.0
154;2023-08-25;VAL;14833.0;10;49.77;1;2023-08-25 14:01;14946.5;2023-08-25 14:08;14896.73;TP;9954.56;160.0;196.0;both;-7600.0
155;2023-08-25;VAH;14852.0;10;49.77;1;2023-08-25 14:01;14946.5;2023-08-25 14:08;14896.73;TP;9954.56;160.0;196.0;both;-7600.0
156;2023-08-25;VAL;14913.0;9;50.1;3;2023-08-25 18:15;14968.17;2023-08-27 22:01;15010.25;Expired;-22725.0;49.0;456.0;both;-30825.0
157;2023-08-28;VAL;14994.0;9;54.8;3;2023-08-28 18:01;15067.0;2023-08-29 07:31;15142.75;Emergency;-40905.0;19.0;517.0;both;-40905.0
158;2023-08-28;VAH;15037.0;9;54.8;3;2023-08-28 18:38;15096.33;2023-08-29 14:01;15202.75;Emergency;-57465.0;60.0;552.0;both;-57465.0
159;2023-08-28;VAL;14994.0;9;54.8;3;2023-08-29 14:00;15217.58;2023-08-29 14:31;15306.0;Emergency;-47745.0;19.0;551.0;both;-47745.0
160;2023-08-31;VAL;15502.0;15;31.95;1;2023-08-31 14:03;15572.0;2023-08-31 14:07;15540.05;TP;9583.78;111.0;0.0;both;0.0
161;2023-08-31;VAH;15510.0;15;31.95;1;2023-08-31 14:03;15572.0;2023-08-31 14:07;15540.05;TP;9583.78;111.0;0.0;both;0.0
162;2023-09-05;VAL;15457.0;16;29.44;3;2023-09-05 14:05;15489.25;2023-09-05 14:53;15537.5;Emergency;-46320.0;53.0;283.0;both;-46320.0
163;2023-09-06;VAL;15367.0;14;35.57;1;2023-09-06 17:49;15367.0;2023-09-07 06:04;15331.43;TP;9959.96;122.0;151.0;both;-8680.0
164;2023-09-06;VAH;15393.0;14;35.57;1;2023-09-06 19:59;15393.0;2023-09-07 04:44;15357.43;TP;9959.96;135.0;47.0;both;-1400.0
165;2023-09-08;VAL;15308.0;13;36.27;1;2023-09-08 14:54;15344.75;2023-09-08 15:00;15308.48;TP;9429.45;127.0;0.0;both;0.0
166;2023-09-08;VAH;15343.0;13;36.27;1;2023-09-08 14:54;15344.75;2023-09-08 15:00;15308.48;TP;9429.45;127.0;0.0;both;0.0
167;2023-09-08;VAL;15313.0;10;46.1;2;2023-09-08 20:06;15348.12;2023-09-17 22:01;15383.25;Expired;-14050.0;14.0;70.0;both;-14050.0
168;2023-09-18;VAL;15407.0;14;33.7;1;2023-09-18 14:01;15409.25;2023-09-18 14:38;15375.55;TP;9435.71;93.0;121.0;both;-7910.0
169;2023-09-21;VAL;14926.0;11;44.95;2;2023-09-22 14:01;14974.75;2023-09-22 17:33;14929.8;TP;19777.04;154.0;309.0;both;-22660.0
170;2023-09-27;VAL;14758.0;13;35.88;2;2023-09-27 19:03;14780.25;2023-09-27 19:37;14744.37;TP;18659.86;39.0;254.0;both;-16380.0
171;2023-09-29;VAL;14917.0;9;53.22;1;2023-09-29 19:52;14917.0;2023-09-29 19:56;14863.78;TP;9578.78;177.0;48.0;both;-1665.0
172;2023-10-03;VAL;14900.0;10;46.63;1;2023-10-03 14:00;14955.25;2023-10-03 14:01;14908.62;TP;9325.11;0.0;0.0;both;0.0
173;2023-10-03;VAH;14946.0;10;46.63;1;2023-10-03 14:00;14955.25;2023-10-03 14:01;14908.62;TP;9325.11;0.0;0.0;both;0.0
174;2023-10-04;VAL;14636.0;9;50.05;1;2023-10-04 14:01;14803.0;2023-10-04 14:09;14752.95;TP;9008.34;187.0;14.0;both;0.0
175;2023-10-04;VAH;14670.0;9;50.05;1;2023-10-04 14:01;14803.0;2023-10-04 14:09;14752.95;TP;9008.34;187.0;14.0;both;0.0
176;2023-10-11;VAL;15308.0;13;36.28;1;2023-10-11 16:01;15313.0;2023-10-11 16:22;15276.72;TP;9432.67;142.0;1.0;both;0.0
177;2023-10-11;VAH;15332.0;13;36.28;3;2023-10-11 18:28;15369.83;2023-10-12 00:07;15423.75;Emergency;-42055.0;115.0;335.0;both;-42055.0
178;2023-10-13;VAL;15288.0;15;33.27;1;2023-10-13 14:01;15344.25;2023-10-13 14:02;15310.98;TP;9982.43;0.0;0.0;both;0.0
179;2023-10-13;VAH;15321.0;15;33.27;1;2023-10-13 14:01;15344.25;2023-10-13 14:02;15310.98;TP;9982.43;0.0;0.0;both;0.0
180;2023-10-18;VAL;15130.0;11;42.21;1;2023-10-18 15:04;15130.0;2023-10-18 16:51;15087.79;TP;9285.96;157.0;189.0;both;-8305.0
181;2023-10-18;VAH;15162.0;11;42.21;1;2023-10-18 16:06;15167.75;2023-10-18 16:20;15125.54;TP;9285.96;158.0;38.0;both;0.0
182;2023-10-18;VAL;15069.0;9;52.88;1;2023-10-18 20:08;15069.0;2023-10-19 02:21;15016.12;TP;9518.4;205.0;16.0;both;-360.0
183;2023-10-23;VAL;14772.0;8;58.56;1;2023-10-24 14:02;14827.25;2023-10-24 16:21;14768.69;TP;9369.53;214.0;203.0;both;-7560.0
184;2023-10-23;VAH;14799.0;8;58.56;1;2023-10-24 14:02;14827.25;2023-10-24 16:21;14768.69;TP;9369.53;214.0;203.0;both;-7560.0
185;2023-10-24;VAL;14779.0;10;49.57;3;2023-10-24 17:31;14830.75;2023-10-24 20:02;14913.75;Emergency;-49800.0;83.0;580.0;both;-49800.0
186;2023-10-26;VAL;14237.0;8;60.86;2;2023-10-26 18:07;14268.12;2023-10-26 19:40;14207.27;TP;19473.81;87.0;382.0;both;-19720.0
187;2023-10-26;VAL;14278.0;8;57.19;1;2023-10-26 18:34;14278.0;2023-10-26 19:38;14220.81;TP;9150.43;212.0;218.0;both;-8280.0
188;2023-10-26;VAH;14293.0;8;60.86;1;2023-10-26 18:47;14293.0;2023-10-26 19:36;14232.14;TP;9736.91;191.0;158.0;both;-5880.0
189;2023-10-26;VAL;14231.0;7;67.28;3;2023-10-26 20:02;14302.75;2023-10-27 15:18;14399.0;Emergency;-40425.0;166.0;668.0;both;-40425.0
190;2023-10-26;VAH;14294.0;7;67.28;2;2023-10-27 14:01;14362.62;2023-10-27 16:51;14295.35;TP;18837.02;214.0;321.0;both;-11235.0
191;2023-10-30;VAL;14383.0;11;44.88;1;2023-10-30 15:04;14383.0;2023-10-30 15:23;14338.12;TP;9873.6;124.0;56.0;both;-1980.0
192;2023-10-30;VAL;14339.0;9;51.51;3;2023-10-30 17:05;14395.92;2023-10-30 19:25;14471.0;Emergency;-40545.0;40.0;497.0;both;-40545.0
193;2023-10-30;VAH;14382.0;9;51.51;2;2023-10-30 17:28;14410.0;2023-10-31 03:01;14358.49;TP;18543.98;93.0;360.0;both;-21960.0
194;2023-11-07;VAL;15198.0;17;28.2;2;2023-11-07 14:01;15267.75;2023-11-07 14:35;15239.55;TP;19175.08;34.0;138.0;both;-10200.0
195;2023-11-07;VAH;15221.0;17;28.2;2;2023-11-07 14:01;15267.75;2023-11-07 14:35;15239.55;TP;19175.08;34.0;138.0;both;-10200.0
196;2023-11-09;VAL;15383.0;19;25.43;1;2023-11-09 14:01;15403.5;2023-11-09 14:37;15378.07;TP;9663.71;98.0;64.0;both;-2565.0
197;2023-11-09;VAH;15402.0;19;25.43;1;2023-11-09 14:01;15403.5;2023-11-09 14:37;15378.07;TP;9663.71;98.0;64.0;both;-2565.0
198;2023-11-09;VAL;15372.0;18;27.07;3;2023-11-09 16:01;15420.33;2023-11-09 17:28;15393.27;TP;29231.48;9.0;259.0;both;-34470.0
199;2023-11-09;VAH;15403.0;18;27.07;1;2023-11-09 17:17;15405.0;2023-11-09 18:02;15377.93;TP;9743.83;97.0;55.0;both;-4320.0
200;2023-11-13;VAL;15527.0;15;31.42;3;2023-11-13 15:29;15559.75;2023-11-14 09:14;15604.5;Emergency;-40275.0;46.0;312.0;both;-40275.0
201;2023-11-15;VAL;15954.0;13;36.62;1;2023-11-15 15:25;15954.0;2023-11-15 16:42;15917.38;TP;9520.23;138.0;93.0;both;-4355.0
202;2023-11-15;VAL;15916.0;12;39.66;1;2023-11-15 17:39;15916.0;2023-11-15 18:03;15876.34;TP;9519.59;134.0;0.0;both;0.0
203;2023-11-16;VAL;15830.0;14;35.21;1;2023-11-16 16:01;15838.25;2023-11-16 16:36;15803.04;TP;9859.92;121.0;50.0;both;-2310.0
204;2023-11-16;VAH;15869.0;14;35.21;1;2023-11-16 17:14;15869.0;2023-11-16 18:49;15833.79;TP;9859.92;99.0;135.0;both;-8540.0
205;2023-11-20;VAL;15910.0;18;27.41;3;2023-11-20 14:00;15944.58;2023-11-20 14:52;15986.75;Emergency;-45540.0;104.0;264.0;both;-45540.0
206;2023-11-20;VAH;15919.0;18;27.41;1;2023-11-20 14:04;15921.25;2023-11-20 14:29;15893.84;TP;9867.14;108.0;0.0;both;0.0
207;2023-11-21;VAL;15994.0;18;27.36;1;2023-11-21 20:03;15994.0;2023-11-21 21:21;15966.64;TP;9848.92;84.0;11.0;both;-180.0
208;2023-11-24;VAL;16028.0;24;20.27;1;2023-11-24 15:01;16028.0;2023-11-24 15:15;16007.73;TP;9730.43;66.0;21.0;both;-120.0
209;2023-11-24;VAL;16008.0;22;21.83;1;2023-11-24 16:01;16008.0;2023-11-26 23:01;15997.5;Expired;4620.0;49.0;69.0;both;-6820.0
210;2023-11-27;VAL;15967.0;21;23.11;2;2023-11-27 14:03;16016.75;2023-11-27 14:34;15993.64;TP;19413.53;89.0;156.0;both;-15330.0
211;2023-11-27;VAH;15978.0;21;23.11;2;2023-11-27 14:03;16016.75;2023-11-27 14:34;15993.64;TP;19413.53;89.0;156.0;both;-15330.0
212;2023-11-29;VAL;16092.0;14;34.15;1;2023-11-29 17:33;16092.0;2023-11-29 18:34;16057.85;TP;9561.19;104.0;31.0;both;-1820.0
213;2023-11-30;VAL;15976.0;15;32.74;1;2023-11-30 20:55;15976.0;2023-12-01 12:12;15943.26;TP;9821.08;127.0;99.0;both;-6525.0
214;2023-12-04;VAL;15836.0;13;37.17;1;2023-12-04 17:16;15836.0;2023-12-04 19:05;15798.83;TP;9664.96;110.0;132.0;both;-7670.0
215;2023-12-04;VAH;15868.0;13;37.17;1;2023-12-04 17:58;15868.0;2023-12-04 18:26;15830.83;TP;9664.96;148.0;0.0;both;0.0
216;2023-12-06;VAL;15962.0;13;35.87;1;2023-12-06 15:16;15962.0;2023-12-06 15:24;15926.13;TP;9325.66;128.0;45.0;both;-1690.0
217;2023-12-06;VAL;15871.0;11;44.3;2;2023-12-07 14:00;15939.0;2023-12-07 14:51;15894.7;TP;19490.95;33.0;270.0;both;-13310.0
218;2023-12-06;VAH;15886.0;11;44.3;2;2023-12-07 14:00;15939.0;2023-12-07 14:51;15894.7;TP;19490.95;33.0;270.0;both;-13310.0
219;2023-12-14;VAL;16783.0;12;40.78;3;2023-12-15 14:01;16835.92;2023-12-15 18:42;16795.14;TP;29360.18;126.0;395.0;both;-34980.0
220;2023-12-20;VAL;16895.0;13;35.93;1;2023-12-21 14:00;16941.5;2023-12-21 14:38;16905.57;TP;9341.43;138.0;69.0;both;-1495.0
221;2023-12-21;VAL;16909.0;15;31.76;1;2023-12-21 15:21;16909.0;2023-12-21 15:29;16877.24;TP;9528.83;105.0;97.0;both;-5250.0
222;2023-12-21;VAL;16871.0;13;37.63;3;2023-12-21 18:25;16912.0;2023-12-21 20:54;16963.75;Emergency;-40365.0;88.0;370.0;both;-40365.0
223;2023-12-21;VAH;16903.0;13;37.63;3;2023-12-21 19:43;16944.58;2023-12-22 13:45;16997.75;Emergency;-41470.0;144.0;389.0;both;-41470.0
224;2023-12-27;VAL;17100.0;25;19.67;2;2023-12-27 18:07;17110.5;2023-12-27 19:01;17090.83;TP;19665.45;0.0;111.0;both;-10500.0
225;2023-12-27;VAL;17105.0;20;24.6;1;2023-12-28 14:00;17147.0;2023-12-28 14:39;17122.4;TP;9839.93;93.0;48.0;both;-800.0
226;2023-12-27;VAH;17119.0;20;24.6;1;2023-12-28 14:00;17147.0;2023-12-28 14:39;17122.4;TP;9839.93;93.0;48.0;both;-800.0
227;2023-12-28;VAL;17113.0;24;20.64;1;2023-12-28 17:01;17113.0;2023-12-28 20:14;17092.36;TP;9908.58;81.0;98.0;both;-9120.0
228;2023-12-29;VAL;17026.0;20;24.08;1;2023-12-29 18:44;17026.0;2023-12-29 20:55;17001.92;TP;9632.94;71.0;95.0;both;-6400.0
229;2024-01-02;VAL;16845.0;16;31.18;1;2024-01-02 14:00;16854.75;2024-01-02 14:37;16823.57;TP;9979.04;114.0;92.0;both;-6000.0
230;2024-01-02;VAL;16768.0;12;39.23;1;2024-01-02 16:31;16768.0;2024-01-02 17:56;16728.77;TP;9415.36;136.0;79.0;both;-4200.0
231;2024-01-11;VAL;16843.0;10;47.32;3;2024-01-11 17:51;16892.25;2024-01-11 19:51;16963.0;Emergency;-42450.0;45.0;474.0;both;-42450.0
232;2024-01-11;VAH;16901.0;10;47.32;2;2024-01-11 18:39;16927.5;2024-01-12 11:49;16880.18;TP;18927.31;59.0;331.0;both;-20800.0
233;2024-01-16;VAL;16874.0;17;28.8;2;2024-01-16 14:06;16912.62;2024-01-16 14:42;16883.83;TP;19581.55;41.0;214.0;both;-18105.0
234;2024-01-16;VAH;16890.0;17;28.8;2;2024-01-16 14:06;16912.62;2024-01-16 14:42;16883.83;TP;19581.55;41.0;214.0;both;-18105.0
235;2024-01-17;VAL;16806.0;12;40.67;1;2024-01-17 16:06;16806.0;2024-01-17 18:22;16765.33;TP;9759.91;138.0;141.0;both;-7560.0
236;2024-01-17;VAL;16788.0;10;49.84;3;2024-01-17 19:22;16839.17;2024-01-18 08:18;16906.75;Emergency;-40550.0;0.0;472.0;both;-40550.0
237;2024-01-17;VAH;16817.0;10;49.84;3;2024-01-17 19:36;16869.5;2024-01-18 10:56;16938.0;Emergency;-41100.0;78.0;480.0;both;-41100.0
238;2024-01-18;VAL;17062.0;10;47.93;1;2024-01-19 14:00;17221.25;2024-01-19 14:32;17173.32;TP;9585.88;150.0;22.0;both;-1050.0
239;2024-01-18;VAH;17102.0;10;47.93;1;2024-01-19 14:00;17221.25;2024-01-19 14:32;17173.32;TP;9585.88;150.0;22.0;both;-1050.0
240;2024-01-22;VAL;17513.0;12;39.58;1;2024-01-22 16:58;17513.0;2024-01-22 17:08;17473.42;TP;9498.85;145.0;0.0;both;0.0
241;2024-01-23;VAL;17475.0;15;32.65;1;2024-01-23 14:02;17498.5;2024-01-23 14:31;17465.85;TP;9794.59;94.0;10.0;both;-450.0
242;2024-01-23;VAH;17485.0;15;32.65;1;2024-01-23 14:02;17498.5;2024-01-23 14:31;17465.85;TP;9794.59;94.0;10.0;both;-450.0
243;2024-01-24;VAL;17646.0;11;43.39;1;2024-01-25 14:02;17706.0;2024-01-25 14:58;17662.61;TP;9544.95;162.0;85.0;both;-4070.0
244;2024-01-24;VAH;17688.0;11;43.39;1;2024-01-25 14:02;17706.0;2024-01-25 14:58;17662.61;TP;9544.95;162.0;85.0;both;-4070.0
245;2024-01-24;VAL;17714.0;12;41.08;1;2024-01-25 14:31;17722.0;2024-01-25 14:32;17680.92;TP;9858.61;0.0;0.0;both;0.0
246;2024-01-26;VAL;17544.0;11;43.23;1;2024-01-26 15:01;17548.5;2024-01-26 15:07;17505.27;TP;9510.19;134.0;0.0;both;0.0
247;2024-01-26;VAH;17590.0;11;43.23;1;2024-01-26 15:33;17590.0;2024-01-26 17:39;17546.77;TP;9510.19;169.0;168.0;both;-8030.0
248;2024-01-31;VAL;17365.0;12;41.61;1;2024-01-31 17:09;17365.0;2024-01-31 19:02;17323.39;TP;9986.96;133.0;154.0;both;-8520.0
249;2024-01-31;VAH;17401.0;12;41.61;1;2024-01-31 18:17;17401.0;2024-01-31 19:01;17359.39;TP;9986.96;129.0;10.0;both;0.0
250;2024-01-31;VAL;17310.0;9;51.3;1;2024-02-01 14:00;17339.5;2024-02-01 14:59;17288.2;TP;9233.8;197.0;46.0;both;-1845.0
251;2024-02-01;VAL;17322.0;11;43.67;2;2024-02-01 15:06;17345.12;2024-02-01 15:54;17301.46;TP;19212.73;60.0;199.0;both;-10175.0
252;2024-02-05;VAL;17697.0;11;43.79;2;2024-02-05 17:33;17719.88;2024-02-05 20:16;17676.09;TP;19266.02;77.0;194.0;both;-10065.0
253;2024-02-06;VAL;17722.0;13;36.1;1;2024-02-06 14:00;17739.0;2024-02-06 14:38;17702.9;TP;9386.27;122.0;115.0;both;-6500.0
254;2024-02-06;VAH;17732.0;13;36.1;1;2024-02-06 14:00;17739.0;2024-02-06 14:38;17702.9;TP;9386.27;122.0;115.0;both;-6500.0
255;2024-02-06;VAL;17623.0;11;43.16;1;2024-02-06 18:39;17623.0;2024-02-06 19:09;17579.84;TP;9496.26;102.0;40.0;both;-1705.0
256;2024-02-06;VAH;17650.0;11;43.16;1;2024-02-06 20:08;17650.0;2024-02-06 20:34;17606.84;TP;9496.26;131.0;10.0;both;0.0
257;2024-02-08;VAL;17871.0;15;32.99;1;2024-02-09 14:00;17932.25;2024-02-09 14:31;17899.26;TP;9898.18;116.0;3.0;both;0.0
258;2024-02-08;VAH;17887.0;15;32.99;1;2024-02-09 14:00;17932.25;2024-02-09 14:31;17899.26;TP;9898.18;116.0;3.0;both;0.0
259;2024-02-13;VAL;17739.0;9;50.57;2;2024-02-14 14:00;17807.62;2024-02-14 15:58;17757.06;TP;18204.57;148.0;268.0;both;-12735.0
260;2024-02-13;VAH;17767.0;9;50.57;2;2024-02-14 14:00;17807.62;2024-02-14 15:58;17757.06;TP;18204.57;148.0;268.0;both;-12735.0
261;2024-02-13;VAL;17668.0;9;51.2;2;2024-02-14 14:00;17807.62;2024-02-14 15:58;17756.42;TP;18433.03;148.0;268.0;both;-12735.0
262;2024-02-13;VAH;17690.0;9;51.2;2;2024-02-14 14:00;17807.62;2024-02-14 15:58;17756.42;TP;18433.03;148.0;268.0;both;-12735.0
263;2024-02-15;VAL;17889.0;14;35.47;2;2024-02-15 18:12;17909.75;2024-02-15 20:25;17874.28;TP;19865.31;32.0;176.0;both;-11620.0
264;2024-02-20;VAL;17658.0;13;36.58;2;2024-02-20 14:01;17692.62;2024-02-20 14:37;17656.04;TP;19022.81;106.0;201.0;both;-10595.0
265;2024-02-20;VAL;17507.0;10;47.5;1;2024-02-20 17:01;17507.0;2024-02-20 17:20;17459.5;TP;9500.73;172.0;0.0;both;0.0
266;2024-02-20;VAH;17549.0;10;47.5;2;2024-02-20 19:42;17573.0;2024-02-21 08:26;17525.5;TP;19001.45;83.0;262.0;both;-15600.0
267;2024-02-21;VAL;17452.0;11;44.93;2;2024-02-21 20:35;17476.38;2024-02-21 21:22;17431.45;TP;19768.38;19.0;665.0;both;-28985.0
268;2024-02-21;VAH;17478.0;11;44.93;2;2024-02-21 20:38;17504.12;2024-02-21 21:22;17459.2;TP;19768.38;11.0;561.0;both;-16775.0
269;2024-02-21;VAL;17452.0;11;44.93;3;2024-02-22 14:00;17946.75;2024-02-22 17:54;18008.25;Emergency;-40590.0;147.0;416.0;both;-40590.0
270;2024-02-21;VAH;17478.0;11;44.93;3;2024-02-22 14:00;17946.75;2024-02-22 17:54;18008.25;Emergency;-40590.0;147.0;416.0;both;-40590.0
271;2024-02-26;VAL;17973.0;11;43.78;1;2024-02-26 14:00;18017.0;2024-02-26 14:48;17973.22;TP;9630.57;136.0;135.0;both;-6160.0
272;2024-02-26;VAH;17989.0;11;43.78;1;2024-02-26 14:00;18017.0;2024-02-26 14:48;17973.22;TP;9630.57;136.0;135.0;both;-6160.0
273;2024-02-27;VAL;17992.0;14;35.21;2;2024-02-27 15:01;18010.12;2024-02-27 16:30;17974.92;TP;19716.37;59.0;162.0;both;-10150.0
274;2024-02-27;VAH;18020.0;14;35.21;1;2024-02-27 15:20;18020.0;2024-02-27 15:46;17984.79;TP;9858.19;135.0;50.0;both;-2170.0
275;2024-02-27;VAL;17977.0;12;39.44;2;2024-02-27 19:01;17997.0;2024-02-28 08:25;17957.56;TP;18929.11;63.0;217.0;both;-15480.0
276;2024-02-27;VAH;18000.0;12;39.44;1;2024-02-27 19:17;18000.0;2024-02-28 08:25;17960.56;TP;9464.55;155.0;125.0;both;-7020.0
277;2024-02-28;VAL;17946.0;15;32.13;1;2024-02-28 14:43;17946.0;2024-02-28 14:46;17913.87;TP;9638.83;120.0;0.0;both;0.0
278;2024-02-28;VAL;17924.0;14;34.85;2;2024-02-28 15:36;17943.62;2024-02-28 17:34;17908.78;TP;19514.9;57.0;204.0;both;-16030.0
279;2024-02-28;VAL;17948.0;13;38.04;2;2024-02-29 14:00;18029.62;2024-02-29 15:14;17991.59;TP;19779.46;42.0;253.0;both;-20995.0
280;2024-02-28;VAH;17971.0;13;38.04;2;2024-02-29 14:00;18029.62;2024-02-29 15:14;17991.59;TP;19779.46;42.0;253.0;both;-20995.0
281;2024-02-28;VAL;17903.0;11;42.11;2;2024-02-29 14:00;18034.62;2024-02-29 15:14;17992.51;TP;18529.68;42.0;253.0;both;-15565.0
282;2024-02-28;VAH;17924.0;11;42.11;2;2024-02-29 14:00;18034.62;2024-02-29 15:14;17992.51;TP;18529.68;42.0;253.0;both;-15565.0
283;2024-03-04;VAL;18333.0;15;31.67;1;2024-03-04 15:48;18333.0;2024-03-04 16:26;18301.33;TP;9499.58;125.0;0.0;both;0.0
284;2024-03-05;VAL;17940.0;10;46.32;1;2024-03-06 14:01;18098.0;2024-03-06 14:56;18051.68;TP;9264.99;166.0;114.0;both;-4150.0
285;2024-03-05;VAH;17962.0;10;46.32;1;2024-03-06 14:01;18098.0;2024-03-06 14:56;18051.68;TP;9264.99;166.0;114.0;both;-4150.0
286;2024-03-06;VAL;18072.0;12;38.81;3;2024-03-06 15:51;18112.83;2024-03-06 17:32;18169.5;Emergency;-40800.0;46.0;370.0;both;-40800.0
287;2024-03-06;VAH;18092.0;12;38.81;3;2024-03-06 16:01;18131.75;2024-03-06 18:34;18092.94;TP;27940.35;126.0;329.0;both;-28800.0
288;2024-03-06;VAL;18130.0;10;46.84;2;2024-03-07 14:01;18178.5;2024-03-07 14:47;18131.66;TP;18737.21;54.0;295.0;both;-15100.0
289;2024-03-06;VAH;18162.0;10;46.84;3;2024-03-07 14:46;18212.83;2024-03-07 16:25;18285.25;Emergency;-43450.0;178.0;477.0;both;-43450.0
290;2024-03-07;VAL;18300.0;9;52.98;1;2024-03-08 14:00;18363.0;2024-03-08 14:30;18310.02;TP;9537.11;209.0;49.0;both;-900.0
291;2024-03-07;VAH;18324.0;9;52.98;1;2024-03-08 14:00;18363.0;2024-03-08 14:30;18310.02;TP;9537.11;209.0;49.0;both;-900.0
292;2024-03-08;VAL;18163.0;7;65.24;1;2024-03-08 19:43;18163.0;2024-03-08 20:11;18097.76;TP;9133.12;187.0;50.0;both;-1155.0
293;2024-03-25;VAL;18555.0;13;36.38;1;2024-03-26 14:12;18585.75;2024-03-26 14:30;18549.37;TP;9458.92;83.0;77.0;both;-4225.0
294;2024-03-25;VAH;18568.0;13;36.38;1;2024-03-26 14:12;18585.75;2024-03-26 14:30;18549.37;TP;9458.92;83.0;77.0;both;-4225.0
295;2024-03-26;VAL;18560.0;14;33.68;1;2024-03-26 18:29;18560.0;2024-03-26 19:19;18526.32;TP;9429.92;121.0;11.0;both;-490.0
296;2024-03-28;VAL;18495.0;13;36.57;1;2024-03-28 18:58;18495.0;2024-03-28 20:00;18458.43;TP;9507.55;88.0;63.0;both;-3510.0
297;2024-04-01;VAL;18574.0;15;32.44;1;2024-04-01 14:00;18592.75;2024-04-01 14:05;18560.31;TP;9732.92;107.0;46.0;both;-2925.0
298;2024-04-01;VAH;18581.0;15;32.44;1;2024-04-01 14:00;18592.75;2024-04-01 14:05;18560.31;TP;9732.92;107.0;46.0;both;-2925.0
299;2024-04-01;VAL;18506.0;11;43.92;1;2024-04-01 19:56;18506.0;2024-04-01 23:40;18462.08;TP;9662.97;171.0;24.0;both;-220.0
300;2024-04-04;VAL;18212.0;9;53.13;3;2024-04-05 14:11;18267.92;2024-04-05 15:55;18345.5;Emergency;-41895.0;121.0;532.0;both;-41895.0
301;2024-04-08;VAL;18301.0;10;49.47;2;2024-04-08 14:00;18329.38;2024-04-08 15:57;18279.9;TP;19789.8;101.0;300.0;both;-17350.0
302;2024-04-08;VAL;18314.0;9;51.42;1;2024-04-08 15:46;18314.0;2024-04-08 16:24;18262.58;TP;9254.94;187.0;0.0;both;0.0
303;2024-04-08;VAL;18282.0;8;57.58;1;2024-04-08 16:01;18301.25;2024-04-09 12:02;18345.0;Expired;-7000.0;197.0;186.0;both;-7000.0
304;2024-04-09;VAL;18314.0;12;38.5;1;2024-04-09 14:00;18347.75;2024-04-09 14:29;18309.25;TP;9240.49;150.0;89.0;both;-4320.0
305;2024-04-09;VAH;18322.0;12;38.5;1;2024-04-09 14:00;18347.75;2024-04-09 14:29;18309.25;TP;9240.49;150.0;89.0;both;-4320.0
306;2024-04-17;VAL;17727.0;8;60.82;2;2024-04-17 17:38;17758.12;2024-04-17 18:56;17697.3;TP;19463.22;164.0;278.0;both;-10920.0
307;2024-04-19;VAL;17440.0;8;58.65;1;2024-04-19 14:00;17472.0;2024-04-19 14:12;17413.35;TP;9383.62;223.0;8.0;both;0.0
308;2024-04-19;VAH;17469.0;8;58.65;1;2024-04-19 14:00;17472.0;2024-04-19 14:12;17413.35;TP;9383.62;223.0;8.0;both;0.0
309;2024-04-22;VAL;17272.0;8;57.99;3;2024-04-22 16:16;17333.5;2024-04-22 18:14;17417.0;Emergency;-40080.0;151.0;575.0;both;-40080.0
310;2024-04-22;VAL;17386.0;7;68.71;3;2024-04-23 14:01;17578.67;2024-04-23 22:01;17678.5;Emergency;-41930.0;102.0;661.0;both;-41930.0
311;2024-04-22;VAH;17423.0;7;68.71;3;2024-04-23 14:01;17578.67;2024-04-23 22:01;17678.5;Emergency;-41930.0;102.0;661.0;both;-41930.0
312;2024-04-24;VAL;17701.0;10;49.04;1;2024-04-24 17:48;17701.0;2024-04-24 18:15;17651.96;TP;9808.57;192.0;8.0;both;0.0
313;2024-04-24;VAL;17609.0;9;54.42;2;2024-04-24 19:01;17642.12;2024-04-24 20:06;17587.7;TP;19591.8;26.0;296.0;both;-13995.0
314;2024-04-24;VAH;17681.0;9;54.42;1;2024-04-24 19:26;17681.0;2024-04-24 20:06;17626.58;TP;9795.9;134.0;23.0;both;0.0
315;2024-04-30;VAL;17874.0;14;34.03;1;2024-04-30 14:01;17874.0;2024-04-30 14:28;17839.97;TP;9528.48;128.0;85.0;both;-1750.0
316;2024-04-30;VAL;17735.0;11;44.37;1;2024-04-30 17:56;17735.0;2024-04-30 18:29;17690.63;TP;9760.81;153.0;41.0;both;-1815.0
317;2024-04-30;VAL;17686.0;10;47.57;1;2024-04-30 19:01;17686.0;2024-04-30 19:54;17638.43;TP;9513.93;141.0;91.0;both;-3850.0
318;2024-05-01;VAL;17445.0;10;48.38;3;2024-05-01 16:12;17504.75;2024-05-01 18:39;17579.5;Emergency;-44850.0;128.0;484.0;both;-44850.0
319;2024-05-01;VAH;17488.0;10;48.38;1;2024-05-01 18:02;17509.75;2024-05-01 18:12;17461.37;TP;9675.63;170.0;73.0;both;-1650.0
320;2024-05-01;VAL;17460.0;7;63.6;3;2024-05-01 20:01;17526.08;2024-05-02 14:02;17462.49;TP;26710.39;60.0;639.0;both;-36610.0
321;2024-05-01;VAL;17460.0;7;63.6;1;2024-05-02 14:02;17491.75;2024-05-02 14:09;17428.15;TP;8903.46;217.0;0.0;both;0.0
322;2024-05-03;VAL;17919.0;8;56.29;2;2024-05-03 15:01;17956.12;2024-05-05 22:01;18039.25;Expired;-26600.0;123.0;407.0;both;-26600.0
323;2024-05-03;VAH;17979.0;8;56.29;2;2024-05-03 15:35;18009.12;2024-05-05 22:01;18039.25;Expired;-9640.0;68.0;195.0;both;-9640.0
324;2024-05-08;VAL;18152.0;19;25.9;3;2024-05-08 14:13;18195.58;2024-05-08 14:49;18239.5;Emergency;-50065.0;61.0;239.0;both;-50065.0
325;2024-05-08;VAH;18169.0;19;25.9;1;2024-05-08 17:02;18170.75;2024-05-08 17:25;18144.85;TP;9842.53;98.0;40.0;both;-1615.0
326;2024-05-08;VAL;18152.0;14;34.98;1;2024-05-08 17:02;18170.75;2024-05-09 07:01;18135.77;TP;9795.24;130.0;123.0;both;-7630.0
327;2024-05-10;VAL;18282.0;17;29.37;1;2024-05-10 14:00;18332.25;2024-05-10 14:01;18302.88;TP;9987.33;0.0;0.0;both;0.0
328;2024-05-10;VAH;18291.0;17;29.37;1;2024-05-10 14:00;18332.25;2024-05-10 14:01;18302.88;TP;9987.33;0.0;0.0;both;0.0
329;2024-05-14;VAL;18282.0;22;22.2;1;2024-05-14 14:00;18302.25;2024-05-14 14:05;18280.05;TP;9766.92;76.0;0.0;both;0.0
330;2024-05-14;VAH;18296.0;22;22.2;1;2024-05-14 14:00;18302.25;2024-05-14 14:05;18280.05;TP;9766.92;76.0;0.0;both;0.0
331;2024-05-20;VAL;18678.0;21;22.73;2;2024-05-20 14:01;18761.38;2024-05-20 17:44;18738.64;TP;19093.96;81.0;179.0;both;-25515.0
332;2024-05-20;VAH;18688.0;21;22.73;2;2024-05-20 14:01;18761.38;2024-05-20 17:44;18738.64;TP;19093.96;81.0;179.0;both;-25515.0
333;2024-05-20;VAL;18740.0;16;30.34;1;2024-05-20 18:01;18745.75;2024-05-20 18:09;18715.41;TP;9708.31;29.0;12.0;both;-560.0
334;2024-05-22;VAL;18748.0;17;27.82;2;2024-05-22 19:32;18762.62;2024-05-22 19:45;18734.81;TP;18914.75;14.0;142.0;both;-9945.0
335;2024-05-22;VAL;18806.0;19;25.07;1;2024-05-22 20:01;18806.0;2024-05-22 20:17;18780.93;TP;9526.32;91.0;75.0;both;-4560.0
336;2024-05-22;VAH;18806.0;17;27.82;1;2024-05-22 20:01;18806.0;2024-05-22 20:17;18778.18;TP;9457.38;91.0;75.0;both;-4080.0
337;2024-05-22;VAH;18833.0;19;25.07;1;2024-05-22 20:28;18848.25;2024-05-22 20:29;18823.18;TP;9526.32;0.0;0.0;both;0.0
338;2024-05-22;VAL;18748.0;17;27.82;1;2024-05-23 14:54;18845.25;2024-05-23 14:57;18817.43;TP;9457.38;110.0;11.0;both;0.0
339;2024-05-22;VAH;18806.0;17;27.82;1;2024-05-23 14:54;18845.25;2024-05-23 14:57;18817.43;TP;9457.38;110.0;11.0;both;0.0
340;2024-05-30;VAL;18728.0;12;38.47;1;2024-05-30 17:43;18728.0;2024-05-30 18:05;18689.53;TP;9232.85;140.0;0.0;both;0.0
341;2024-05-31;VAL;18361.0;8;57.9;3;2024-05-31 17:27;18420.58;2024-05-31 19:49;18505.5;Emergency;-40760.0;203.0;525.0;both;-40760.0
342;2024-05-31;VAH;18477.0;8;57.9;3;2024-05-31 19:44;18545.83;2024-06-02 22:01;18595.25;Expired;-23720.0;4.0;601.0;both;-32840.0
343;2024-06-03;VAL;18589.0;8;57.22;2;2024-06-03 19:22;18620.88;2024-06-04 08:35;18563.66;TP;18309.14;99.0;352.0;both;-17320.0
344;2024-06-03;VAH;18623.0;8;57.22;1;2024-06-03 19:57;18623.0;2024-06-04 08:35;18565.78;TP;9154.57;224.0;216.0;both;-8320.0
345;2024-06-04;VAL;18567.0;10;48.5;1;2024-06-04 14:06;18632.25;2024-06-04 14:15;18583.75;TP;9699.32;191.0;0.0;both;0.0
346;2024-06-04;VAH;18609.0;10;48.5;1;2024-06-04 14:06;18632.25;2024-06-04 14:15;18583.75;TP;9699.32;191.0;0.0;both;0.0
347;2024-06-13;VAL;19627.0;12;40.19;1;2024-06-13 14:11;19637.0;2024-06-13 14:13;19596.81;TP;9644.6;138.0;0.0;both;0.0
348;2024-06-13;VAL;19628.0;11;42.71;1;2024-06-13 19:59;19628.0;2024-06-14 09:39;19585.29;TP;9396.35;162.0;122.0;both;-5885.0
349;2024-06-14;VAL;19625.0;13;37.16;1;2024-06-14 14:01;19638.75;2024-06-14 14:10;19601.59;TP;9660.4;131.0;0.0;both;0.0
350;2024-06-24;VAL;19899.0;10;49.13;1;2024-06-24 15:01;19907.25;2024-06-24 16:59;19858.12;TP;9826.17;188.0;98.0;both;-4200.0
351;2024-06-24;VAL;19773.0;8;58.37;3;2024-06-25 14:00;19896.83;2024-06-25 17:07;19838.46;TP;28019.95;29.0;530.0;both;-30920.0
352;2024-06-24;VAH;19805.0;8;58.37;3;2024-06-25 14:00;19896.83;2024-06-25 17:07;19838.46;TP;28019.95;29.0;530.0;both;-30920.0
353;2024-06-25;VAL;19781.0;11;43.39;3;2024-06-25 14:00;19879.33;2024-06-25 15:33;19942.25;Emergency;-41525.0;29.0;433.0;both;-41525.0
354;2024-06-25;VAH;19795.0;11;43.39;3;2024-06-25 14:00;19879.33;2024-06-25 15:33;19942.25;Emergency;-41525.0;29.0;433.0;both;-41525.0
355;2024-06-26;VAL;19986.0;13;38.1;1;2024-06-26 20:02;19986.0;2024-06-26 20:03;19947.9;TP;9904.71;0.0;0.0;both;0.0
356;2024-06-26;VAL;19935.0;9;51.81;1;2024-06-27 14:08;20061.5;2024-06-27 14:51;20009.69;TP;9325.34;146.0;221.0;both;-8910.0
357;2024-06-26;VAH;19987.0;9;51.81;1;2024-06-27 14:08;20061.5;2024-06-27 14:51;20009.69;TP;9325.34;146.0;221.0;both;-8910.0
358;2024-06-28;VAL;20122.0;14;34.13;1;2024-06-28 14:58;20147.25;2024-06-28 15:02;20113.12;TP;9556.75;107.0;0.0;both;0.0
359;2024-06-28;VAH;20128.0;14;34.13;1;2024-06-28 14:58;20147.25;2024-06-28 15:02;20113.12;TP;9556.75;107.0;0.0;both;0.0
360;2024-07-10;VAL;20743.0;19;26.18;3;2024-07-10 15:26;20771.08;2024-07-10 16:26;20807.75;Emergency;-41800.0;6.0;254.0;both;-41800.0
361;2024-07-18;VAL;20069.0;9;55.01;1;2024-07-18 14:21;20074.75;2024-07-18 14:32;20019.74;TP;9901.48;196.0;50.0;both;-1800.0
362;2024-07-18;VAL;19957.0;7;67.88;1;2024-07-18 19:50;19957.0;2024-07-18 19:53;19889.12;TP;9503.22;267.0;12.0;both;0.0
363;2024-07-22;VAL;19909.0;7;70.56;2;2024-07-22 16:37;19944.5;2024-07-23 07:27;19873.94;TP;19755.74;104.0;543.0;both;-27860.0
364;2024-07-22;VAH;19974.0;7;70.56;1;2024-07-22 17:04;19974.0;2024-07-23 06:13;19903.44;TP;9877.87;250.0;283.0;both;-9800.0
365;2024-07-25;VAL;19149.0;4;107.84;1;2024-07-26 14:31;19149.0;2024-07-26 14:48;19041.16;TP;8626.97;412.0;0.0;both;0.0
366;2024-07-29;VAL;19301.0;7;63.97;1;2024-07-29 14:04;19356.75;2024-07-29 14:11;19292.78;TP;8956.27;221.0;31.0;both;-175.0
367;2024-07-29;VAH;19317.0;7;63.97;1;2024-07-29 14:04;19356.75;2024-07-29 14:11;19292.78;TP;8956.27;221.0;31.0;both;-175.0
368;2024-07-29;VAL;19259.0;7;66.77;2;2024-07-29 15:58;19293.12;2024-07-29 18:04;19226.36;TP;18694.55;119.0;359.0;both;-12985.0
369;2024-07-29;VAH;19332.0;7;66.77;1;2024-07-29 16:20;19332.0;2024-07-29 17:30;19265.23;TP;9347.28;239.0;67.0;both;-1050.0
370;2024-07-30;VAL;19214.0;7;68.96;1;2024-07-30 14:01;19225.5;2024-07-30 14:31;19156.54;TP;9655.08;266.0;78.0;both;-1435.0
371;2024-07-30;VAH;19233.0;7;68.96;1;2024-07-30 14:01;19233.0;2024-07-30 14:30;19164.04;TP;9655.08;275.0;48.0;both;-385.0
372;2024-07-30;VAL;18950.0;7;69.98;1;2024-07-30 17:52;18950.0;2024-07-30 20:01;18880.02;TP;9797.35;185.0;265.0;both;-7455.0
373;2024-07-30;VAL;18903.0;6;79.55;2;2024-07-31 14:00;19431.88;2024-07-31 17:43;19352.33;TP;19091.96;117.0;496.0;both;-18330.0
374;2024-07-30;VAH;18972.0;6;79.55;2;2024-07-31 14:00;19431.88;2024-07-31 17:43;19352.33;TP;19091.96;117.0;496.0;both;-18330.0
375;2024-08-01;VAL;19626.0;6;75.64;1;2024-08-01 14:00;19648.25;2024-08-01 14:07;19572.61;TP;9076.99;285.0;76.0;both;-1650.0
376;2024-08-01;VAH;19658.0;6;75.64;1;2024-08-01 14:01;19658.0;2024-08-01 14:06;19582.36;TP;9076.99;222.0;37.0;both;-480.0
377;2024-08-01;VAL;19660.0;6;74.06;1;2024-08-01 14:04;19662.5;2024-08-01 14:06;19588.44;TP;8886.69;240.0;0.0;both;0.0
378;2024-08-02;VAL;18561.0;4;113.47;1;2024-08-02 15:38;18561.0;2024-08-02 17:42;18447.53;TP;9077.64;402.0;288.0;both;-4720.0
379;2024-08-06;VAL;18432.0;3;149.56;1;2024-08-07 14:05;18536.5;2024-08-07 15:46;18386.94;TP;8973.76;597.0;49.0;both;-405.0
380;2024-08-06;VAH;18481.0;3;149.56;1;2024-08-07 14:05;18536.5;2024-08-07 15:46;18386.94;TP;8973.76;597.0;49.0;both;-405.0
381;2024-08-13;VAL;18739.0;8;62.04;3;2024-08-13 14:00;18965.58;2024-08-13 16:50;19054.5;Emergency;-42680.0;181.0;581.0;both;-42680.0
382;2024-08-13;VAH;18757.0;8;62.04;3;2024-08-13 14:00;18965.58;2024-08-13 16:50;19054.5;Emergency;-42680.0;181.0;581.0;both;-42680.0
383;2024-08-20;VAL;19824.0;10;46.6;1;2024-08-20 15:38;19824.0;2024-08-20 17:00;19777.4;TP;9319.77;181.0;138.0;both;-5750.0
384;2024-08-20;VAL;19781.0;9;54.64;2;2024-08-20 17:08;19810.12;2024-08-21 13:09;19854.5;Expired;-15975.0;71.0;347.0;both;-20115.0
385;2024-08-20;VAH;19817.0;9;54.64;2;2024-08-20 18:04;19847.62;2024-08-21 14:05;19899.75;Expired;-18765.0;126.0;366.0;both;-18945.0
386;2024-08-26;VAL;19572.0;7;67.34;2;2024-08-26 18:21;19608.5;2024-08-27 12:40;19541.16;TP;18855.07;202.0;300.0;both;-10360.0
387;2024-08-28;VAL;19396.0;8;60.27;2;2024-08-28 18:56;19427.0;2024-08-28 20:21;19366.73;TP;19287.1;48.0;347.0;both;-15840.0
388;2024-08-28;VAH;19441.0;8;60.27;1;2024-08-28 19:01;19441.0;2024-08-28 20:21;19380.73;TP;9643.55;228.0;167.0;both;-5680.0
389;2024-08-28;VAL;19427.0;7;69.32;1;2024-08-29 14:04;19633.5;2024-08-29 14:18;19564.18;TP;9704.59;221.0;0.0;both;0.0
390;2024-08-28;VAH;19460.0;7;69.32;1;2024-08-29 14:04;19633.5;2024-08-29 14:18;19564.18;TP;9704.59;221.0;0.0;both;0.0
391;2024-08-29;VAL;19599.0;6;78.77;1;2024-08-30 14:06;19605.5;2024-08-30 14:26;19526.73;TP;9452.56;257.0;0.0;both;0.0
392;2024-08-30;VAL;19529.0;7;63.53;2;2024-08-30 18:52;19561.38;2024-09-01 22:01;19613.0;Expired;-14455.0;143.0;415.0;both;-17675.0
393;2024-08-30;VAH;19574.0;7;63.53;1;2024-08-30 19:51;19574.0;2024-09-01 22:01;19613.0;Expired;-5460.0;19.0;235.0;both;-7070.0
394;2024-09-04;VAL;18949.0;7;67.91;1;2024-09-04 14:01;18973.0;2024-09-04 14:02;18905.09;TP;9507.32;0.0;0.0;both;0.0
395;2024-09-04;VAH;18968.0;7;67.91;1;2024-09-04 14:01;18973.0;2024-09-04 14:02;18905.09;TP;9507.32;0.0;0.0;both;0.0
396;2024-09-05;VAL;19032.0;6;80.93;1;2024-09-05 18:51;19032.0;2024-09-05 19:16;18951.07;TP;9712.04;287.0;33.0;both;-60.0
397;2024-09-06;VAL;18774.0;6;81.63;1;2024-09-06 14:06;18774.0;2024-09-06 14:25;18692.37;TP;9795.42;273.0;56.0;both;-360.0
398;2024-09-09;VAL;18632.0;7;70.54;2;2024-09-09 15:57;18668.88;2024-09-09 18:22;18598.34;TP;19750.68;134.0;392.0;both;-16975.0
399;2024-09-09;VAH;18678.0;7;70.54;1;2024-09-09 16:29;18678.0;2024-09-09 18:14;18607.46;TP;9875.34;273.0;208.0;both;-7210.0
400;2024-09-10;VAL;18704.0;7;70.99;3;2024-09-10 16:54;18779.25;2024-09-10 19:33;18875.5;Emergency;-40425.0;79.0;680.0;both;-40425.0
401;2024-09-10;VAH;18770.0;7;70.99;2;2024-09-10 17:17;18805.88;2024-09-11 03:34;18734.88;TP;19877.63;139.0;434.0;both;-19495.0
402;2024-09-11;VAL;18762.0;7;63.14;1;2024-09-11 14:01;18791.5;2024-09-11 14:15;18728.36;TP;8839.55;198.0;100.0;both;-1225.0
403;2024-09-26;VAL;20229.0;8;59.24;1;2024-09-26 17:01;20251.75;2024-09-26 17:20;20192.51;TP;9477.65;159.0;42.0;both;-1160.0
404;2024-09-26;VAH;20288.0;8;59.24;2;2024-09-26 17:56;20318.75;2024-09-27 06:31;20259.51;TP;18955.3;113.0;375.0;both;-19920.0
405;2024-09-30;VAL;20189.0;9;53.75;1;2024-09-30 14:00;20216.5;2024-09-30 14:16;20162.75;TP;9674.87;212.0;20.0;both;0.0
406;2024-09-30;VAH;20210.0;9;53.75;1;2024-09-30 14:00;20216.5;2024-09-30 14:16;20162.75;TP;9674.87;212.0;20.0;both;0.0
407;2024-10-01;VAL;19978.0;7;65.8;1;2024-10-01 16:11;19978.0;2024-10-01 16:33;19912.2;TP;9211.53;204.0;72.0;both;-1715.0
408;2024-10-03;VAL;19935.0;8;61.96;2;2024-10-03 14:00;20069.88;2024-10-03 14:15;20007.92;TP;19826.57;117.0;306.0;both;-12440.0
409;2024-10-03;VAH;19960.0;8;61.96;2;2024-10-03 14:00;20069.88;2024-10-03 14:15;20007.92;TP;19826.57;117.0;306.0;both;-12440.0
410;2024-10-03;VAL;19894.0;7;65.42;2;2024-10-03 15:01;19976.5;2024-10-03 16:54;19911.08;TP;18317.56;83.0;475.0;both;-21210.0
411;2024-10-03;VAH;19990.0;7;65.42;1;2024-10-03 15:17;19990.0;2024-10-03 16:53;19924.58;TP;9158.78;257.0;278.0;both;-8715.0
412;2024-10-03;VAL;19932.0;6;75.25;3;2024-10-03 17:22;20008.25;2024-10-04 12:34;20124.5;Emergency;-41850.0;73.0;920.0;both;-41850.0
413;2024-10-04;VAL;20122.0;7;65.32;2;2024-10-04 17:38;20168.5;2024-10-06 22:01;20235.0;Expired;-18620.0;162.0;447.0;both;-20020.0
414;2024-10-14;VAL;20541.0;12;41.32;3;2024-10-14 15:01;20606.67;2024-10-14 19:50;20662.75;Emergency;-40380.0;153.0;386.0;both;-40380.0
415;2024-10-14;VAH;20621.0;12;41.32;2;2024-10-14 17:05;20641.88;2024-10-15 00:47;20600.55;TP;19834.02;107.0;183.0;both;-10020.0
416;2024-10-15;VAL;20406.0;10;49.36;1;2024-10-15 16:19;20406.0;2024-10-15 17:11;20356.64;TP;9871.65;169.0;42.0;both;-950.0
417;2024-10-21;VAL;20409.0;12;39.95;2;2024-10-21 14:01;20520.12;2024-10-21 14:32;20480.18;TP;19174.17;27.0;244.0;both;-14340.0
418;2024-10-21;VAH;20440.0;12;39.95;2;2024-10-21 14:01;20520.12;2024-10-21 14:32;20480.18;TP;19174.17;27.0;244.0;both;-14340.0
419;2024-10-21;VAL;20441.0;11;44.94;3;2024-10-21 15:51;20487.83;2024-10-22 05:03;20442.89;TP;29662.08;60.0;425.0;both;-38225.0
420;2024-10-21;VAH;20492.0;11;44.94;1;2024-10-21 17:16;20492.0;2024-10-21 19:05;20447.06;TP;9887.36;170.0;21.0;both;-385.0
421;2024-10-22;VAL;20444.0;11;42.77;2;2024-10-22 14:03;20481.12;2024-10-22 16:26;20438.35;TP;18819.35;77.0;244.0;both;-14905.0
422;2024-10-23;VAL;20237.0;9;53.11;3;2024-10-23 20:04;20292.08;2024-10-24 07:17;20369.25;Emergency;-41670.0;0.0;478.0;both;-41670.0
423;2024-10-23;VAH;20297.0;9;53.11;3;2024-10-23 20:29;20351.83;2024-10-24 13:50;20298.72;TP;28679.76;116.0;526.0;both;-38025.0
424;2024-11-04;VAL;20145.0;8;60.21;1;2024-11-04 17:51;20145.0;2024-11-04 18:09;20084.79;TP;9634.34;236.0;0.0;both;0.0
425;2024-11-06;VAL;20689.0;7;68.79;2;2024-11-06 14:00;20729.75;2024-11-06 14:51;20660.96;TP;19260.96;152.0;460.0;both;-17850.0
426;2024-11-11;VAL;21198.0;11;44.47;2;2024-11-11 20:11;21220.25;2024-11-12 10:01;21175.78;TP;19567.72;74.0;206.0;both;-12430.0
427;2024-11-12;VAL;21201.0;12;39.92;1;2024-11-12 14:02;21222.5;2024-11-12 14:33;21182.58;TP;9581.65;116.0;0.0;both;0.0
428;2024-11-12;VAH;21219.0;12;39.92;1;2024-11-12 14:02;21222.5;2024-11-12 14:33;21182.58;TP;9581.65;116.0;0.0;both;0.0
429;2024-11-12;VAL;21164.0;11;44.47;1;2024-11-12 18:36;21164.0;2024-11-13 05:39;21119.53;TP;9783.07;166.0;186.0;both;-9240.0
430;2024-11-12;VAH;21195.0;11;44.47;1;2024-11-12 18:58;21195.0;2024-11-12 23:30;21150.53;TP;9783.07;168.0;62.0;both;-2420.0
431;2024-11-12;VAL;21164.0;11;44.47;1;2024-11-13 14:00;21178.75;2024-11-13 14:50;21134.28;TP;9783.07;159.0;85.0;both;-3465.0
432;2024-11-14;VAL;21036.0;9;51.27;1;2024-11-14 19:01;21036.0;2024-11-14 20:43;20984.73;TP;9228.03;201.0;217.0;both;-8820.0
433;2024-11-14;VAH;21084.0;9;51.27;1;2024-11-14 19:05;21084.0;2024-11-14 20:01;21032.73;TP;9228.03;158.0;25.0;both;-180.0
434;2024-11-15;VAL;20480.0;8;59.57;1;2024-11-15 19:45;20480.0;2024-11-17 23:01;20496.5;Expired;-2640.0;156.0;168.0;both;-6240.0
435;2024-11-15;VAH;20504.0;8;59.57;1;2024-11-15 20:55;20504.0;2024-11-17 23:01;20496.5;Expired;1200.0;79.0;72.0;both;-2400.0
436;2024-11-20;VAL;20561.0;7;69.56;3;2024-11-20 18:01;20683.17;2024-11-20 21:02;20781.25;Emergency;-41195.0;206.0;667.0;both;-41195.0
437;2024-11-20;VAH;20645.0;7;69.56;2;2024-11-20 20:27;20682.62;2024-11-20 21:21;20613.07;TP;19476.77;5.0;565.0;both;-27755.0
438;2024-11-20;VAL;20561.0;7;69.56;1;2024-11-21 14:00;20846.0;2024-11-21 14:36;20776.44;TP;9738.38;264.0;239.0;both;-7840.0
439;2024-11-20;VAH;20645.0;7;69.56;1;2024-11-21 14:00;20846.0;2024-11-21 14:36;20776.44;TP;9738.38;264.0;239.0;both;-7840.0
440;2024-11-21;VAL;20720.0;6;78.99;1;2024-11-21 14:00;20846.0;2024-11-21 14:36;20767.01;TP;9478.77;264.0;239.0;both;-6720.0
441;2024-11-21;VAH;20760.0;6;78.99;1;2024-11-21 14:00;20846.0;2024-11-21 14:36;20767.01;TP;9478.77;264.0;239.0;both;-6720.0
442;2024-11-21;VAL;20818.0;6;74.69;1;2024-11-21 17:39;20818.0;2024-11-22 09:26;20743.31;TP;8962.99;264.0;243.0;both;-7110.0
443;2024-11-26;VAL;20899.0;9;54.71;2;2024-11-26 14:26;20975.38;2024-11-26 15:20;20920.66;TP;19696.14;82.0;319.0;both;-15345.0
444;2024-11-26;VAH;20902.0;9;54.71;2;2024-11-26 14:26;20975.38;2024-11-26 15:20;20920.66;TP;19696.14;82.0;319.0;both;-15345.0
445;2024-12-09;VAL;21474.0;11;43.05;3;2024-12-09 20:01;21520.58;2024-12-10 14:46;21586.0;Emergency;-43175.0;140.0;402.0;both;-43175.0
446;2024-12-12;VAL;21698.0;12;40.15;1;2024-12-13 14:00;21822.75;2024-12-13 14:26;21782.6;TP;9635.43;137.0;0.0;both;0.0
447;2024-12-12;VAH;21725.0;12;40.15;1;2024-12-13 14:00;21822.75;2024-12-13 14:26;21782.6;TP;9635.43;137.0;0.0;both;0.0
448;2024-12-13;VAL;21778.0;12;41.34;2;2024-12-13 19:10;21800.0;2024-12-13 21:27;21758.66;TP;19842.76;64.0;184.0;both;-10560.0
449;2025-01-02;VAL;21240.0;6;80.23;1;2025-01-02 16:01;21278.25;2025-01-02 16:05;21198.02;TP;9628.1;253.0;43.0;both;-210.0
450;2025-01-06;VAL;21794.0;7;70.02;1;2025-01-07 14:54;21794.0;2025-01-07 14:58;21723.98;TP;9802.17;244.0;0.0;both;0.0
451;2025-01-07;VAL;21487.0;7;71.32;1;2025-01-07 18:11;21487.0;2025-01-07 19:41;21415.68;TP;9984.67;279.0;121.0;both;-3780.0
452;2025-01-08;VAL;21294.0;8;61.76;1;2025-01-08 14:01;21376.75;2025-01-08 14:39;21314.99;TP;9881.09;239.0;32.0;both;-800.0
453;2025-01-08;VAH;21365.0;8;61.76;1;2025-01-08 14:01;21376.75;2025-01-08 14:39;21314.99;TP;9881.09;239.0;32.0;both;-800.0
454;2025-01-08;VAL;21310.0;6;79.34;2;2025-01-08 18:03;21352.62;2025-01-09 00:39;21273.29;TP;19040.74;116.0;487.0;both;-17490.0
455;2025-01-10;VAL;21080.0;7;68.12;1;2025-01-10 15:40;21080.0;2025-01-10 15:54;21011.88;TP;9536.43;253.0;174.0;both;-4550.0
456;2025-01-10;VAL;20937.0;6;82.81;3;2025-01-10 17:27;21021.83;2025-01-10 18:50;21142.0;Emergency;-43260.0;49.0;799.0;both;-43260.0
457;2025-01-10;VAH;21086.0;6;82.81;2;2025-01-10 18:24;21129.25;2025-01-10 19:22;21046.44;TP;19873.88;144.0;362.0;both;-10380.0
458;2025-01-13;VAL;20804.0;6;78.63;1;2025-01-13 14:01;20810.0;2025-01-13 14:37;20731.37;TP;9435.19;283.0;0.0;both;0.0
459;2025-01-14;VAL;21052.0;6;73.21;1;2025-01-14 15:08;21052.0;2025-01-14 15:38;20978.79;TP;8785.73;256.0;236.0;both;-6360.0
460;2025-01-14;VAL;20942.0;6;81.89;1;2025-01-14 18:29;20942.0;2025-01-14 20:00;20860.11;TP;9827.37;292.0;285.0;both;-8250.0
461;2025-01-14;VAL;20904.0;5;88.57;3;2025-01-14 20:56;21026.5;2025-01-15 13:31;21181.5;Emergency;-46500.0;58.0;448.0;both;-46500.0
462;2025-01-14;VAL;20904.0;5;88.57;1;2025-01-15 14:00;21291.75;2025-01-15 14:39;21203.18;TP;8856.66;351.0;55.0;both;-975.0
463;2025-01-14;VAH;21011.0;5;88.57;1;2025-01-15 14:00;21291.75;2025-01-15 14:39;21203.18;TP;8856.66;351.0;55.0;both;-975.0
464;2025-01-16;VAL;21491.0;7;65.52;1;2025-01-16 14:31;21494.5;2025-01-16 14:34;21428.98;TP;9173.08;240.0;0.0;both;0.0
465;2025-01-16;VAL;21430.0;7;66.27;1;2025-01-16 16:01;21430.0;2025-01-16 16:40;21363.73;TP;9277.17;238.0;179.0;both;-5075.0
466;2025-01-16;VAH;21467.0;7;66.27;1;2025-01-16 16:09;21467.0;2025-01-16 16:18;21400.73;TP;9277.17;168.0;31.0;both;0.0
467;2025-01-16;VAL;21383.0;6;73.94;1;2025-01-16 20:02;21383.0;2025-01-16 20:53;21309.06;TP;8872.27;290.0;51.0;both;-1020.0
468;2025-01-16;VAL;21383.0;6;73.94;2;2025-01-17 14:40;21575.88;2025-01-19 23:01;21607.0;Expired;-7470.0;208.0;555.0;both;-22410.0
469;2025-01-16;VAH;21407.0;6;73.94;2;2025-01-17 14:40;21575.88;2025-01-19 23:01;21607.0;Expired;-7470.0;208.0;555.0;both;-22410.0
470;2025-01-16;VAL;21321.0;6;79.0;2;2025-01-17 14:40;21575.88;2025-01-19 23:01;21607.0;Expired;-7470.0;208.0;555.0;both;-22410.0
471;2025-01-16;VAH;21361.0;6;79.0;2;2025-01-17 14:40;21575.88;2025-01-19 23:01;21607.0;Expired;-7470.0;208.0;555.0;both;-22410.0
472;2025-01-20;VAL;21706.0;8;57.41;1;2025-01-20 17:25;21706.0;2025-01-20 17:26;21648.59;TP;9185.59;0.0;0.0;both;0.0
473;2025-01-21;VAL;21709.0;8;59.07;1;2025-01-21 14:19;21724.0;2025-01-21 14:38;21664.93;TP;9450.4;213.0;0.0;both;0.0
474;2025-01-21;VAL;21688.0;7;65.97;3;2025-01-21 17:28;21754.33;2025-01-22 03:14;21850.75;Emergency;-40495.0;9.0;648.0;both;-40495.0
475;2025-01-21;VAH;21715.0;7;65.97;3;2025-01-21 17:43;21784.92;2025-01-22 08:23;21881.25;Emergency;-40460.0;72.0;664.0;both;-40460.0
476;2025-01-24;VAL;22006.0;11;42.43;2;2025-01-24 14:03;22039.38;2025-01-24 15:21;21996.95;TP;18668.88;61.0;259.0;both;-14025.0
477;2025-01-24;VAL;22012.0;12;40.31;1;2025-01-24 16:33;22012.0;2025-01-24 17:30;21971.69;TP;9674.43;160.0;95.0;both;-5520.0
478;2025-01-29;VAL;21566.0;7;64.43;1;2025-01-29 19:42;21566.0;2025-01-29 20:04;21501.57;TP;9020.73;232.0;48.0;both;-875.0
479;2025-01-29;VAH;21596.0;7;64.43;1;2025-01-29 20:28;21596.0;2025-01-29 20:39;21531.57;TP;9020.73;248.0;19.0;both;-245.0
480;2025-01-30;VAL;21601.0;6;71.89;1;2025-01-30 16:54;21601.0;2025-01-30 17:18;21529.11;TP;8627.31;220.0;99.0;both;-2640.0
481;2025-02-06;VAL;21782.0;9;50.41;1;2025-02-06 15:40;21832.25;2025-02-06 15:41;21781.84;TP;9073.24;0.0;0.0;both;0.0
482;2025-02-06;VAH;21802.0;9;50.41;1;2025-02-06 15:40;21832.25;2025-02-06 15:41;21781.84;TP;9073.24;0.0;0.0;both;0.0
483;2025-02-06;VAL;21814.0;8;56.06;2;2025-02-07 14:01;21910.5;2025-02-07 15:01;21854.44;TP;17939.35;59.0;358.0;both;-16160.0
484;2025-02-06;VAH;21831.0;8;56.06;2;2025-02-07 14:01;21910.5;2025-02-07 15:01;21854.44;TP;17939.35;59.0;358.0;both;-16160.0
485;2025-02-13;VAL;21862.0;8;55.78;2;2025-02-13 14:01;21912.12;2025-02-13 14:39;21856.35;TP;17849.14;84.0;294.0;both;-11080.0
486;2025-02-13;VAH;21892.0;8;55.78;1;2025-02-13 14:39;21897.5;2025-02-13 14:40;21841.72;TP;8924.57;0.0;0.0;both;0.0
487;2025-02-17;VAL;22247.0;13;36.35;1;2025-02-17 16:03;22247.0;2025-02-17 23:22;22210.65;TP;9449.86;124.0;19.0;both;-1105.0
488;2025-02-20;VAL;22206.0;11;44.34;1;2025-02-20 14:33;22208.0;2025-02-20 14:46;22163.66;TP;9755.4;174.0;21.0;both;-55.0
489;2025-02-26;VAL;21303.0;6;73.2;1;2025-02-27 14:00;21319.25;2025-02-27 14:42;21246.05;TP;8784.39;189.0;247.0;both;-6540.0
490;2025-03-04;VAL;20291.0;4;105.88;3;2025-03-04 16:50;20406.75;2025-03-04 19:08;20579.25;Emergency;-41400.0;170.0;1115.0;both;-41400.0
491;2025-03-07;VAL;20026.0;5;98.33;1;2025-03-07 16:08;20026.0;2025-03-07 16:19;19927.67;TP;9832.68;377.0;0.0;both;0.0
492;2025-03-07;VAL;19915.0;4;108.67;3;2025-03-07 17:34;20033.0;2025-03-07 19:03;20205.5;Emergency;-41400.0;32.0;1111.0;both;-41400.0
493;2025-03-07;VAH;20101.0;4;108.67;2;2025-03-07 18:10;20167.25;2025-03-09 22:01;20058.58;TP;17387.67;398.0;696.0;both;-16280.0
494;2025-03-11;VAL;19512.0;4;110.24;1;2025-03-11 14:00;19530.0;2025-03-11 14:04;19419.76;TP;8819.08;312.0;336.0;both;-3800.0
495;2025-03-11;VAL;19449.0;4;117.08;1;2025-03-11 15:08;19449.0;2025-03-11 16:54;19331.92;TP;9366.07;463.0;381.0;both;-7360.0
496;2025-03-11;VAL;19388.0;3;149.56;3;2025-03-11 20:01;19562.08;2025-03-12 15:08;19412.53;TP;26919.98;81.0;1587.0;both;-36525.0
497;2025-03-11;VAH;19607.0;3;149.56;1;2025-03-12 14:01;19643.25;2025-03-12 14:58;19493.69;TP;8973.33;569.0;328.0;both;-3825.0
498;2025-03-11;VAL;19388.0;3;149.56;2;2025-03-12 15:08;19511.75;2025-03-13 11:09;19552.25;Expired;-4860.0;153.0;1177.0;both;-25530.0
499;2025-03-13;VAL;19278.0;3;126.82;3;2025-03-13 20:03;19407.25;2025-03-14 15:03;19633.5;Emergency;-40725.0;26.0;1455.0;both;-40725.0
500;2025-03-13;VAH;19366.0;3;126.82;3;2025-03-14 14:00;19709.75;2025-03-16 22:01;19884.25;Expired;-31410.0;478.0;745.0;both;-31410.0
501;2025-03-16;VAL;19663.0;5;90.7;1;2025-03-17 14:01;19998.5;2025-03-17 14:31;19907.8;TP;9069.71;320.0;100.0;both;-1750.0
502;2025-03-16;VAH;19669.0;5;90.7;1;2025-03-17 14:01;19998.5;2025-03-17 14:31;19907.8;TP;9069.71;320.0;100.0;both;-1750.0
503;2025-03-17;VAL;19940.0;6;76.36;1;2025-03-17 16:10;19940.0;2025-03-17 16:43;19863.64;TP;9162.86;304.0;42.0;both;-600.0
504;2025-03-19;VAL;19727.0;7;62.7;2;2025-03-19 14:00;19861.88;2025-03-19 14:55;19799.18;TP;17555.29;112.0;290.0;both;-9415.0
505;2025-03-19;VAH;19739.0;7;62.7;2;2025-03-19 14:00;19861.88;2025-03-19 14:55;19799.18;TP;17555.29;112.0;290.0;both;-9415.0
506;2025-03-27;VAL;20038.0;7;65.37;2;2025-03-27 16:01;20085.38;2025-03-27 16:57;20020.01;TP;18303.57;90.0;431.0;both;-17255.0
507;2025-04-03;VAL;18958.0;3;137.56;1;2025-04-03 16:18;18958.0;2025-04-03 17:59;18820.44;TP;8253.65;538.0;119.0;both;-840.0
508;2025-04-04;VAL;18073.0;3;156.18;1;2025-04-04 15:13;18073.0;2025-04-04 15:36;17916.82;TP;9370.59;621.0;300.0;both;-3120.0
509;2025-04-04;VAL;17698.0;2;191.52;1;2025-04-04 19:14;17698.0;2025-04-04 20:04;17506.48;TP;7660.88;763.0;690.0;both;-5830.0
510;2025-04-04;VAH;17830.0;2;191.52;1;2025-04-04 19:34;17830.0;2025-04-04 19:52;17638.48;TP;7660.88;723.0;162.0;both;-550.0
511;2025-04-08;VAL;17478.0;2;234.3;1;2025-04-09 14:00;17479.5;2025-04-09 14:57;17245.2;TP;9371.85;927.0;472.0;both;-3160.0
512;2025-04-09;VAL;17157.0;2;236.93;1;2025-04-09 14:00;17479.5;2025-04-09 15:00;17242.57;TP;9477.09;947.0;472.0;both;-3160.0
513;2025-04-09;VAH;17270.0;2;236.93;1;2025-04-09 14:00;17479.5;2025-04-09 15:00;17242.57;TP;9477.09;947.0;472.0;both;-3160.0
514;2025-04-10;VAL;18609.0;2;235.07;1;2025-04-10 18:27;18609.0;2025-04-10 19:31;18373.93;TP;9402.92;907.0;263.0;both;-1970.0
515;2025-04-13;VAL;18820.0;2;199.47;1;2025-04-14 14:00;19067.25;2025-04-14 15:46;18867.78;TP;7978.81;794.0;503.0;both;-4800.0
516;2025-04-13;VAH;18821.0;2;199.47;1;2025-04-14 14:00;19067.25;2025-04-14 15:46;18867.78;TP;7978.81;794.0;503.0;both;-4800.0
517;2025-04-17;VAL;18417.0;4;100.96;1;2025-04-17 15:08;18417.0;2025-04-20 22:01;18316.04;TP;8076.66;400.0;436.0;both;-7980.0
518;2025-04-21;VAL;17907.0;5;90.71;3;2025-04-21 19:56;17998.42;2025-04-22 06:55;18137.75;Emergency;-41800.0;173.0;877.0;both;-41800.0
519;2025-05-05;VAL;20078.0;6;78.72;1;2025-05-05 14:05;20088.75;2025-05-05 14:37;20010.03;TP;9446.97;290.0;30.0;both;-630.0
520;2025-05-07;VAL;19882.0;6;72.53;1;2025-05-07 16:49;19882.0;2025-05-07 17:54;19809.47;TP;8703.96;195.0;175.0;both;-4710.0
521;2025-05-07;VAH;19922.0;6;72.53;1;2025-05-07 17:14;19922.0;2025-05-07 17:52;19849.47;TP;8703.96;273.0;4.0;both;0.0
522;2025-05-19;VAL;21357.0;7;63.26;3;2025-05-19 14:00;21427.17;2025-05-19 17:05;21523.75;Emergency;-40565.0;38.0;652.0;both;-40565.0
523;2025-05-19;VAL;21186.0;7;63.23;3;2025-05-19 14:00;21427.17;2025-05-19 17:05;21523.75;Emergency;-40565.0;38.0;652.0;both;-40565.0
524;2025-05-19;VAH;21214.0;7;63.23;3;2025-05-19 14:00;21427.17;2025-05-19 17:05;21523.75;Emergency;-40565.0;38.0;652.0;both;-40565.0
525;2025-05-22;VAL;21191.0;8;61.46;1;2025-05-22 14:13;21292.0;2025-05-22 14:23;21230.54;TP;9833.89;236.0;0.0;both;0.0
526;2025-05-22;VAH;21207.0;8;61.46;1;2025-05-22 14:13;21292.0;2025-05-22 14:23;21230.54;TP;9833.89;236.0;0.0;both;0.0
527;2025-05-28;VAL;21458.0;10;49.47;3;2025-05-28 20:23;21508.33;2025-05-28 22:52;21579.25;Emergency;-42550.0;92.0;480.0;both;-42550.0
528;2025-05-28;VAL;21458.0;10;49.47;1;2025-05-29 14:01;21517.5;2025-05-29 14:06;21468.03;TP;9894.13;121.0;63.0;both;-650.0
529;2025-05-28;VAH;21503.0;10;49.47;1;2025-05-29 14:01;21517.5;2025-05-29 14:06;21468.03;TP;9894.13;121.0;63.0;both;-650.0
530;2025-05-29;VAL;21397.0;6;77.76;1;2025-05-29 16:14;21397.0;2025-05-29 18:28;21319.24;TP;9331.1;298.0;352.0;both;-8730.0
531;2025-05-29;VAH;21473.0;6;77.76;1;2025-05-29 17:03;21473.0;2025-05-29 17:49;21395.24;TP;9331.1;291.0;4.0;both;0.0
532;2025-05-29;VAL;21366.0;5;87.64;1;2025-05-29 18:01;21373.0;2025-05-30 01:06;21285.36;TP;8764.45;267.0;297.0;both;-5450.0
533;2025-06-05;VAL;21712.0;10;49.94;2;2025-06-05 14:10;21756.0;2025-06-05 14:36;21706.06;TP;19977.74;85.0;319.0;both;-18100.0
534;2025-06-05;VAL;21678.0;6;77.78;1;2025-06-06 14:05;21821.0;2025-06-06 15:21;21743.22;TP;9334.2;267.0;196.0;both;-4530.0
535;2025-06-05;VAH;21726.0;6;77.78;1;2025-06-06 14:05;21821.0;2025-06-06 15:21;21743.22;TP;9334.2;267.0;196.0;both;-4530.0
536;2025-06-12;VAL;21825.0;8;57.97;2;2025-06-12 14:04;21890.88;2025-06-13 00:00;21832.91;TP;18549.32;82.0;465.0;both;-25960.0
537;2025-06-12;VAH;21844.0;8;57.97;2;2025-06-12 14:04;21890.88;2025-06-13 00:00;21832.91;TP;18549.32;82.0;465.0;both;-25960.0
538;2025-06-12;VAL;21784.0;8;62.0;2;2025-06-12 14:04;21892.62;2025-06-13 00:00;21830.63;TP;19839.07;82.0;465.0;both;-25400.0
539;2025-06-12;VAH;21814.0;8;62.0;2;2025-06-12 14:04;21892.62;2025-06-13 00:00;21830.63;TP;19839.07;82.0;465.0;both;-25400.0
540;2025-06-13;VAL;21511.0;6;77.45;1;2025-06-13 14:09;21730.5;2025-06-13 14:21;21653.05;TP;9294.0;214.0;0.0;both;0.0
541;2025-06-13;VAH;21574.0;6;77.45;1;2025-06-13 14:09;21730.5;2025-06-13 14:21;21653.05;TP;9294.0;214.0;0.0;both;0.0
542;2025-06-18;VAL;22037.0;9;55.24;1;2025-06-18 18:03;22042.25;2025-06-18 18:05;21987.01;TP;9943.65;177.0;0.0;both;0.0
543;2025-06-18;VAL;21980.0;7;62.51;1;2025-06-18 19:14;21980.0;2025-06-18 19:31;21917.49;TP;8750.99;244.0;133.0;both;-4025.0
544;2025-06-20;VAL;21898.0;8;59.42;1;2025-06-20 14:00;22025.25;2025-06-20 14:24;21965.83;TP;9507.83;227.0;20.0;both;0.0
545;2025-06-20;VAH;21918.0;8;59.42;1;2025-06-20 14:00;22025.25;2025-06-20 14:24;21965.83;TP;9507.83;227.0;20.0;both;0.0
546;2025-06-23;VAL;21933.0;6;78.03;3;2025-06-23 17:13;22039.5;2025-06-23 22:10;22161.25;Emergency;-43830.0;167.0;855.0;both;-43830.0
547;2025-06-25;VAL;22479.0;10;45.88;3;2025-06-25 20:02;22528.25;2025-06-26 13:52;22482.37;TP;27527.15;165.0;424.0;both;-32550.0
548;2025-06-27;VAL;22754.0;14;35.26;2;2025-06-27 14:00;22785.25;2025-06-27 14:59;22749.99;TP;19747.08;50.0;244.0;both;-17780.0
549;2025-06-27;VAH;22776.0;14;35.26;1;2025-06-27 17:45;22776.0;2025-06-27 17:46;22740.74;TP;9873.54;0.0;0.0;both;0.0
550;2025-06-27;VAL;22723.0;10;45.83;1;2025-06-27 19:51;22723.0;2025-06-29 22:01;22766.5;Expired;-8700.0;42.0;147.0;both;-8700.0
551;2025-07-02;VAL;22659.0;10;45.52;3;2025-07-02 14:00;22761.58;2025-07-02 14:51;22829.75;Emergency;-40900.0;50.0;431.0;both;-40900.0
552;2025-07-02;VAH;22702.0;10;45.52;3;2025-07-02 14:00;22761.58;2025-07-02 14:51;22829.75;Emergency;-40900.0;50.0;431.0;both;-40900.0
553;2025-07-07;VAL;22929.0;11;42.73;1;2025-07-07 15:32;22929.0;2025-07-07 16:21;22886.27;TP;9401.4;120.0;134.0;both;-5995.0
554;2025-07-07;VAL;22898.0;11;45.03;1;2025-07-07 17:20;22898.0;2025-07-07 17:44;22852.97;TP;9906.1;164.0;128.0;both;-2145.0
555;2025-07-07;VAH;22920.0;11;45.03;1;2025-07-07 17:31;22920.0;2025-07-07 17:34;22874.97;TP;9906.1;134.0;0.0;both;0.0
556;2025-07-09;VAL;23019.0;11;44.93;2;2025-07-09 18:08;23041.75;2025-07-10 01:55;22996.82;TP;19770.03;88.0;185.0;both;-10010.0
557;2025-07-11;VAL;22946.0;10;47.42;1;2025-07-11 14:03;22963.25;2025-07-11 15:15;22915.83;TP;9483.17;97.0;183.0;both;-8200.0
558;2025-07-11;VAH;22962.0;10;47.42;1;2025-07-11 14:03;22963.25;2025-07-11 15:15;22915.83;TP;9483.17;97.0;183.0;both;-8200.0
559;2025-07-15;VAL;22998.0;10;48.28;2;2025-07-15 14:00;23164.62;2025-07-15 14:54;23116.35;TP;19310.9;94.0;234.0;both;-12350.0
560;2025-07-15;VAH;23147.0;10;48.28;2;2025-07-15 14:01;23171.25;2025-07-15 14:53;23122.97;TP;19310.9;106.0;206.0;both;-9700.0
561;2025-07-15;VAL;23131.0;9;54.45;1;2025-07-15 17:03;23131.0;2025-07-15 19:58;23076.55;TP;9801.02;213.0;196.0;both;-8325.0
562;2025-07-15;VAL;23091.0;8;57.15;1;2025-07-15 19:01;23094.25;2025-07-15 20:04;23037.1;TP;9144.6;217.0;113.0;both;-3440.0
563;2025-07-18;VAL;23189.0;12;39.66;2;2025-07-18 17:01;23209.12;2025-07-20 22:01;23216.0;Expired;-3300.0;68.0;174.0;both;-9660.0
564;2025-07-18;VAH;23232.0;12;39.66;1;2025-07-18 19:22;23232.0;2025-07-20 22:01;23216.0;Expired;3840.0;128.0;0.0;both;0.0
565;2025-07-21;VAL;23276.0;16;29.89;2;2025-07-21 16:13;23390.12;2025-07-21 19:11;23360.23;TP;19131.3;59.0;200.0;both;-20560.0
566;2025-07-21;VAH;23285.0;16;29.89;2;2025-07-21 16:13;23390.12;2025-07-21 19:11;23360.23;TP;19131.3;59.0;200.0;both;-20560.0
567;2025-07-30;VAL;23525.0;14;35.64;1;2025-07-31 14:00;23688.5;2025-07-31 14:13;23652.86;TP;9979.09;128.0;46.0;both;-1260.0
568;2025-07-30;VAH;23539.0;14;35.64;1;2025-07-31 14:00;23688.5;2025-07-31 14:13;23652.86;TP;9979.09;128.0;46.0;both;-1260.0
569;2025-08-05;VAL;23369.0;9;51.19;1;2025-08-05 14:01;23374.5;2025-08-05 14:06;23323.31;TP;9214.29;197.0;0.0;both;0.0
570;2025-08-05;VAL;23168.0;7;65.95;1;2025-08-05 19:24;23168.0;2025-08-05 20:26;23102.05;TP;9232.46;241.0;43.0;both;-455.0
571;2025-08-05;VAL;23168.0;7;65.95;3;2025-08-06 14:00;23296.83;2025-08-06 17:42;23394.75;Emergency;-41125.0;253.0;648.0;both;-41125.0
572;2025-08-05;VAH;23218.0;7;65.95;3;2025-08-06 14:00;23296.83;2025-08-06 17:42;23394.75;Emergency;-41125.0;253.0;648.0;both;-41125.0
573;2025-08-11;VAL;23735.0;12;41.66;2;2025-08-11 14:01;23767.12;2025-08-11 17:26;23725.47;TP;19996.16;119.0;239.0;both;-17220.0
574;2025-08-14;VAL;23940.0;14;33.64;1;2025-08-14 20:00;23940.0;2025-08-14 20:01;23906.36;TP;9420.59;0.0;0.0;both;0.0
575;2025-08-26;VAL;23492.0;11;44.68;3;2025-08-26 17:55;23544.5;2025-08-26 20:09;23606.25;Emergency;-40755.0;76.0;419.0;both;-40755.0
576;2025-09-02;VAL;23229.0;10;48.46;1;2025-09-02 14:00;23234.75;2025-09-02 14:43;23186.29;TP;9691.42;191.0;181.0;both;-5500.0
577;2025-09-02;VAH;23244.0;10;48.46;1;2025-09-02 14:03;23246.0;2025-09-02 14:11;23197.54;TP;9691.42;166.0;6.0;both;0.0
578;2025-09-02;VAL;23049.0;7;63.49;1;2025-09-02 15:01;23162.25;2025-09-02 15:19;23098.76;TP;8888.26;216.0;69.0;both;-350.0
579;2025-09-02;VAH;23178.0;7;63.49;1;2025-09-02 15:01;23178.0;2025-09-02 15:18;23114.51;TP;8888.26;253.0;6.0;both;0.0
580;2025-09-02;VAL;23195.0;7;67.54;3;2025-09-02 17:37;23275.67;2025-09-02 20:22;23379.75;Emergency;-43715.0;150.0;718.0;both;-43715.0
581;2025-09-03;VAL;23389.0;7;62.71;1;2025-09-03 17:44;23398.75;2025-09-03 18:06;23336.04;TP;8779.16;242.0;10.0;both;0.0
582;2025-09-10;VAL;23937.0;15;33.22;1;2025-09-10 16:08;23937.0;2025-09-10 16:45;23903.78;TP;9967.36;131.0;18.0;both;-900.0
583;2025-09-15;VAL;24384.0;13;38.04;3;2025-09-15 14:03;24541.5;2025-09-16 05:51;24598.25;Emergency;-44265.0;103.0;384.0;both;-44265.0
584;2025-09-15;VAH;24394.0;13;38.04;3;2025-09-15 14:03;24541.5;2025-09-16 05:51;24598.25;Emergency;-44265.0;103.0;384.0;both;-44265.0
585;2025-09-16;VAL;24533.0;14;34.12;1;2025-09-16 17:03;24533.0;2025-09-17 05:20;24498.88;TP;9552.26;101.0;120.0;both;-7000.0
586;2025-09-17;VAL;24508.0;16;30.07;1;2025-09-17 18:01;24508.0;2025-09-17 18:02;24477.93;TP;9623.1;0.0;0.0;both;0.0
587;2025-09-17;VAL;24472.0;15;32.59;2;2025-09-17 18:01;24490.0;2025-09-17 18:09;24457.41;TP;19556.15;130.0;208.0;both;-13500.0
588;2025-09-17;VAL;24388.0;13;37.39;3;2025-09-17 19:01;24447.92;2025-09-17 19:09;24500.75;Emergency;-41210.0;28.0;387.0;both;-41210.0
589;2025-09-17;VAH;24433.0;13;37.39;2;2025-09-17 19:02;24455.12;2025-09-17 19:15;24417.73;TP;19444.99;43.0;348.0;both;-23725.0
590;2025-09-23;VAL;24780.0;12;41.01;3;2025-09-23 19:01;24834.67;2025-09-24 06:51;24891.25;Emergency;-40740.0;4.0;378.0;both;-40740.0
591;2025-09-23;VAL;24780.0;12;41.01;1;2025-09-24 14:33;24823.0;2025-09-24 15:11;24781.99;TP;9841.95;142.0;27.0;both;-720.0
592;2025-09-26;VAL;24667.0;8;60.79;2;2025-09-26 16:25;24699.25;2025-09-28 22:01;24729.0;Expired;-9520.0;100.0;318.0;both;-14720.0
593;2025-09-26;VAH;24706.0;8;60.79;1;2025-09-26 17:11;24706.0;2025-09-28 22:01;24729.0;Expired;-3680.0;164.0;162.0;both;-6280.0
594;2025-10-06;VAL;25181.0;11;45.28;1;2025-10-07 14:03;25240.75;2025-10-07 14:37;25195.47;TP;9961.6;166.0;67.0;both;-3465.0
595;2025-10-06;VAH;25185.0;11;45.28;1;2025-10-07 14:03;25240.75;2025-10-07 14:37;25195.47;TP;9961.6;166.0;67.0;both;-3465.0
596;2025-10-09;VAL;25228.0;10;45.67;1;2025-10-09 17:10;25228.0;2025-10-09 17:18;25182.33;TP;9133.06;169.0;0.0;both;0.0
597;2025-10-09;VAH;25274.0;10;45.67;2;2025-10-09 19:39;25297.12;2025-10-10 09:58;25251.46;TP;18266.13;72.0;325.0;both;-22450.0
598;2025-10-10;VAL;25323.0;12;39.84;1;2025-10-10 14:00;25362.0;2025-10-10 14:02;25322.16;TP;9562.36;26.0;35.0;both;0.0
599;2025-10-10;VAH;25338.0;12;39.84;1;2025-10-10 14:00;25362.0;2025-10-10 14:02;25322.16;TP;9562.36;26.0;35.0;both;0.0
600;2025-10-10;VAL;24670.0;6;76.57;1;2025-10-10 17:01;24670.0;2025-10-10 18:53;24593.43;TP;9188.01;270.0;324.0;both;-8790.0
601;2025-10-13;VAL;24782.0;4;101.68;3;2025-10-13 15:09;24889.5;2025-10-14 04:19;24787.82;TP;24402.55;19.0;1049.0;both;-35040.0
602;2025-10-13;VAH;24877.0;4;101.68;2;2025-10-13 15:21;24929.12;2025-10-14 04:17;24827.45;TP;16268.37;198.0;669.0;both;-17020.0
603;2025-10-14;VAL;24889.0;4;110.06;1;2025-10-15 14:00;25021.5;2025-10-15 15:51;24911.44;TP;8804.56;427.0;374.0;both;-7360.0
604;2025-10-14;VAH;24912.0;4;110.06;1;2025-10-15 14:00;25021.5;2025-10-15 15:51;24911.44;TP;8804.56;427.0;374.0;both;-7360.0
605;2025-10-22;VAL;25003.0;7;67.42;1;2025-10-22 17:02;25003.0;2025-10-22 17:15;24935.58;TP;9439.4;229.0;0.0;both;0.0
606;2025-10-22;VAL;24914.0;6;76.2;3;2025-10-22 18:22;24992.75;2025-10-23 02:01;25104.5;Emergency;-40230.0;99.0;764.0;both;-40230.0
607;2025-10-22;VAH;25051.0;6;76.2;1;2025-10-22 19:39;25051.0;2025-10-23 00:02;24974.8;TP;9144.37;292.0;102.0;both;-2670.0
608;2025-10-23;VAL;25052.0;7;66.74;1;2025-10-23 14:01;25160.75;2025-10-23 14:20;25094.01;TP;9343.72;235.0;34.0;both;-280.0
609;2025-10-23;VAH;25068.0;7;66.74;1;2025-10-23 14:01;25160.75;2025-10-23 14:20;25094.01;TP;9343.72;235.0;34.0;both;-280.0
610;2025-10-29;VAL;26264.0;12;40.69;1;2025-10-29 15:01;26264.0;2025-10-29 15:49;26223.31;TP;9765.18;152.0;56.0;both;-2700.0
611;2025-10-29;VAH;26287.0;12;40.69;1;2025-10-29 18:01;26287.0;2025-10-29 18:02;26246.31;TP;9765.18;0.0;0.0;both;0.0
612;2025-10-29;VAL;26239.0;11;44.85;1;2025-10-29 19:26;26239.0;2025-10-29 19:30;26194.15;TP;9867.17;176.0;0.0;both;0.0
613;2025-10-29;VAH;26266.0;11;44.85;2;2025-10-29 19:51;26290.38;2025-10-29 20:06;26245.52;TP;19734.33;98.0;455.0;both;-19415.0
614;2025-10-30;VAL;25987.0;5;88.46;1;2025-10-30 15:01;26016.25;2025-10-30 19:18;25927.79;TP;8846.07;329.0;323.0;both;-7750.0
615;2025-10-30;VAL;25980.0;5;94.87;3;2025-10-30 20:02;26078.42;2025-10-31 07:55;26214.75;Emergency;-40900.0;240.0;934.0;both;-40900.0
616;2025-10-30;VAH;26016.0;5;94.87;1;2025-10-30 20:17;26016.0;2025-10-30 20:31;25921.13;TP;9486.57;19.0;72.0;both;-1725.0
617;2025-10-30;VAH;26141.0;5;88.46;2;2025-10-30 20:48;26187.75;2025-10-31 13:46;26099.29;TP;17692.14;167.0;524.0;both;-16600.0
618;2025-10-30;VAL;25980.0;5;94.87;1;2025-10-31 14:01;26103.5;2025-10-31 16:10;26008.63;TP;9486.57;359.0;317.0;both;-7550.0
619;2025-10-30;VAH;26016.0;5;94.87;1;2025-10-31 14:01;26103.5;2025-10-31 16:10;26008.63;TP;9486.57;359.0;317.0;both;-7550.0
620;2025-10-31;VAL;26062.0;6;78.56;1;2025-10-31 19:22;26062.0;2025-10-31 20:01;25983.44;TP;9427.08;280.0;225.0;both;-6510.0
621;2025-10-31;VAL;26093.0;6;81.27;1;2025-10-31 19:29;26093.0;2025-10-31 19:58;26011.73;TP;9752.23;314.0;101.0;both;-2790.0
622;2025-11-05;VAL;25507.0;6;80.8;1;2025-11-05 14:00;25590.5;2025-11-05 14:35;25509.7;TP;9695.9;279.0;0.0;both;0.0
623;2025-11-05;VAH;25536.0;6;80.8;1;2025-11-05 14:00;25590.5;2025-11-05 14:35;25509.7;TP;9695.9;279.0;0.0;both;0.0
624;2025-11-05;VAL;25492.0;5;85.17;1;2025-11-05 14:00;25590.5;2025-11-05 14:35;25505.33;TP;8517.02;279.0;0.0;both;0.0
625;2025-11-05;VAH;25529.0;5;85.17;1;2025-11-05 14:00;25590.5;2025-11-05 14:35;25505.33;TP;8517.02;279.0;0.0;both;0.0
626;2025-11-07;VAL;24919.0;5;98.59;3;2025-11-07 18:26;25024.08;2025-11-07 20:59;25166.75;Emergency;-42800.0;250.0;938.0;both;-42800.0
627;2025-11-07;VAH;25054.0;5;98.59;3;2025-11-07 19:41;25190.83;2025-11-09 23:01;25351.75;Emergency;-48275.0;122.0;697.0;both;-48275.0
628;2025-11-10;VAL;25573.0;6;81.15;3;2025-11-10 17:09;25657.42;2025-11-11 13:10;25619.25;Expired;13740.0;262.0;783.0;both;-39810.0
629;2025-11-11;VAL;25595.0;8;61.93;3;2025-11-11 17:22;25657.83;2025-11-12 02:08;25742.75;Emergency;-40760.0;185.0;589.0;both;-40760.0
630;2025-11-17;VAL;25058.0;4;111.21;1;2025-11-17 16:02;25084.25;2025-11-17 16:16;24973.04;TP;8896.94;426.0;0.0;both;0.0
631;2025-11-17;VAL;25008.0;4;120.76;1;2025-11-17 18:11;25008.0;2025-11-17 18:59;24887.24;TP;9661.04;383.0;171.0;both;-2740.0
632;2025-11-18;VAL;24719.0;4;113.37;1;2025-11-18 17:44;24719.0;2025-11-18 20:59;24605.63;TP;9069.26;412.0;365.0;both;-6360.0
633;2025-11-18;VAL;24767.0;4;112.71;1;2025-11-18 18:21;24767.0;2025-11-18 20:29;24654.29;TP;9017.12;435.0;173.0;both;-2520.0
634;2025-11-18;VAH;24755.0;4;113.37;1;2025-11-18 18:21;24767.0;2025-11-18 20:29;24653.63;TP;9069.26;435.0;173.0;both;-2520.0
635;2025-11-21;VAL;24110.0;3;133.0;1;2025-11-21 14:02;24236.5;2025-11-21 14:47;24103.5;TP;7980.1;372.0;171.0;both;-1560.0
636;2025-11-21;VAH;24183.0;3;133.0;1;2025-11-21 14:02;24236.5;2025-11-21 14:47;24103.5;TP;7980.1;372.0;171.0;both;-1560.0
637;2025-11-20;VAL;24250.0;3;159.04;1;2025-11-21 14:32;24250.0;2025-11-21 15:04;24090.96;TP;9542.54;620.0;192.0;both;-1830.0
638;2025-11-21;VAL;24181.0;3;149.18;3;2025-11-21 16:31;24348.5;2025-11-21 19:21;24583.75;Emergency;-42345.0;165.0;1541.0;both;-42345.0
639;2025-11-21;VAH;24250.0;3;149.18;3;2025-11-21 16:49;24412.5;2025-11-23 23:01;24510.0;Expired;-17550.0;186.0;1385.0;both;-31770.0
640;2025-12-01;VAL;25287.0;9;53.78;1;2025-12-01 14:32;25287.0;2025-12-01 14:42;25233.22;TP;9680.29;212.0;140.0;both;-5040.0
641;2025-12-01;VAH;25306.0;9;53.78;1;2025-12-01 14:40;25306.0;2025-12-01 14:41;25252.22;TP;9680.29;0.0;0.0;both;0.0
642;2025-12-01;VAL;25461.0;7;68.73;3;2025-12-02 14:30;25582.0;2025-12-02 16:22;25513.27;TP;28867.45;109.0;686.0;both;-33495.0
643;2025-12-01;VAH;25478.0;7;68.73;3;2025-12-02 14:30;25582.0;2025-12-02 16:22;25513.27;TP;28867.45;109.0;686.0;both;-33495.0
644;2025-12-03;VAL;25650.0;9;52.79;2;2025-12-03 18:46;25680.25;2025-12-04 14:34;25627.46;TP;19002.65;196.0;321.0;both;-16380.0
645;2025-12-03;VAH;25667.0;9;52.79;1;2025-12-03 20:55;25667.75;2025-12-04 03:36;25614.96;TP;9501.32;205.0;0.0;both;0.0
646;2025-12-04;VAL;25633.0;10;48.33;1;2025-12-04 15:43;25633.0;2025-12-04 15:50;25584.67;TP;9665.22;165.0;12.0;both;0.0
647;2025-12-08;VAL;25612.0;8;55.99;3;2025-12-08 19:35;25668.58;2025-12-09 10:40;25612.59;TP;26875.47;118.0;470.0;both;-28400.0
648;2025-12-08;VAL;25612.0;8;55.99;3;2025-12-09 14:07;25674.92;2025-12-10 10:08;25703.5;Expired;-13720.0;223.0;520.0;both;-32560.0
649;2025-12-08;VAH;25645.0;8;55.99;2;2025-12-09 14:41;25674.62;2025-12-10 10:31;25618.63;TP;17916.98;196.0;403.0;both;-21800.0
650;2025-12-10;VAL;25673.0;10;45.59;1;2025-12-10 17:56;25673.0;2025-12-10 18:24;25627.41;TP;9117.49;179.0;37.0;both;0.0
651;2025-12-10;VAL;25707.0;12;39.55;1;2025-12-10 19:02;25707.0;2025-12-10 19:03;25667.45;TP;9490.91;0.0;0.0;both;0.0
652;2025-12-10;VAH;25722.0;12;39.55;1;2025-12-10 19:41;25732.75;2025-12-10 19:42;25693.2;TP;9490.91;0.0;0.0;both;0.0
653;2025-12-10;VAH;25708.0;10;45.59;1;2025-12-10 19:41;25732.75;2025-12-10 19:42;25687.16;TP;9117.49;0.0;0.0;both;0.0
654;2025-12-11;VAL;25635.0;7;67.41;3;2025-12-11 17:26;25720.33;2025-12-11 21:16;25820.0;Emergency;-41860.0;224.0;454.0;both;-41860.0
