cycle;leg;time;price;qty;kind;drift15_t
1;1;2022-12-22 19:59;10979.0;10;ENTRY;-52.0
1;2;2022-12-22 20:22;11032.25;10;ADD;
1;3;2022-12-23 10:36;11087.25;10;ADD;
2;1;2022-12-22 20:22;11030.0;10;ENTRY;48.0
2;2;2022-12-22 21:02;11077.5;10;ADD;
3;1;2022-12-23 14:00;11050.5;10;ENTRY;23.0
4;1;2022-12-23 14:00;11050.5;10;ENTRY;23.0
5;1;2022-12-23 15:20;11043.0;10;ENTRY;-110.0
5;2;2022-12-23 15:39;11092.0;10;ADD;
6;1;2023-01-03 14:00;11124.0;11;ENTRY;-43.0
7;1;2023-01-03 14:00;11124.0;11;ENTRY;-43.0
8;1;2023-01-03 14:00;11126.0;11;ENTRY;-35.0
9;1;2023-01-03 19:01;10920.0;8;ENTRY;29.0
9;2;2023-01-04 01:39;10979.0;8;ADD;
9;3;2023-01-04 08:24;11042.25;8;ADD;
10;1;2023-01-05 15:09;10922.0;10;ENTRY;271.0
11;1;2023-01-06 14:00;10949.0;8;ENTRY;171.0
12;1;2023-01-06 14:00;10949.0;8;ENTRY;171.0
13;1;2023-01-06 15:01;10817.0;10;ENTRY;-365.0
13;2;2023-01-06 15:03;10883.75;10;ADD;
13;3;2023-01-06 15:20;10933.0;10;ADD;
14;1;2023-01-06 15:37;10943.0;10;ENTRY;-122.0
14;2;2023-01-06 16:02;10992.0;10;ADD;
14;3;2023-01-06 16:54;11042.25;10;ADD;
15;1;2023-01-12 15:12;11426.0;12;ENTRY;-238.0
15;2;2023-01-12 15:13;11487.0;12;ADD;
16;1;2023-01-12 17:21;11528.0;12;ENTRY;-66.0
17;1;2023-01-16 14:00;11589.5;13;ENTRY;11.0
18;1;2023-01-16 14:00;11589.5;13;ENTRY;11.0
19;1;2023-01-19 16:11;11376.0;12;ENTRY;133.0
20;1;2023-01-20 14:00;11411.25;10;ENTRY;-68.0
20;2;2023-01-20 14:53;11467.75;10;ADD;
20;3;2023-01-20 16:20;11518.0;10;ADD;
21;1;2023-01-31 14:08;12001.0;11;ENTRY;45.0
21;2;2023-01-31 14:51;12049.0;11;ADD;
22;1;2023-01-31 14:08;12001.0;11;ENTRY;45.0
22;2;2023-01-31 14:51;12049.0;11;ADD;
23;1;2023-01-31 14:08;12001.0;12;ENTRY;45.0
23;2;2023-01-31 14:51;12049.0;12;ADD;
24;1;2023-01-31 14:08;12001.0;12;ENTRY;45.0
24;2;2023-01-31 14:51;12049.0;12;ADD;
25;1;2023-02-01 16:17;12119.0;14;ENTRY;-49.0
26;1;2023-02-01 19:02;12150.0;14;ENTRY;-69.0
27;1;2023-02-08 14:02;12718.75;8;ENTRY;28.0
28;1;2023-02-08 14:02;12718.75;8;ENTRY;28.0
29;1;2023-02-14 14:00;12534.0;10;ENTRY;244.0
30;1;2023-02-14 15:36;12563.5;10;ENTRY;328.0
31;1;2023-02-14 16:01;12490.75;9;ENTRY;-108.0
32;1;2023-02-17 15:14;12369.0;11;ENTRY;42.0
33;1;2023-02-17 15:20;12390.0;11;ENTRY;60.0
34;1;2023-02-22 14:03;12132.0;16;ENTRY;29.0
34;2;2023-02-22 14:46;12167.0;16;ADD;
35;1;2023-02-22 14:36;12138.0;16;ENTRY;-42.0
36;1;2023-02-23 14:37;12224.0;12;ENTRY;-54.0
37;1;2023-02-23 14:37;12224.0;12;ENTRY;-54.0
38;1;2023-02-23 19:15;12151.0;11;ENTRY;-130.0
38;2;2023-02-23 19:32;12199.0;11;ADD;
38;3;2023-02-23 20:33;12245.25;11;ADD;
39;1;2023-02-23 20:05;12220.0;13;ENTRY;13.0
40;1;2023-02-23 20:20;12227.5;11;ENTRY;-56.0
41;1;2023-02-24 18:01;11945.25;10;ENTRY;17.0
41;2;2023-02-24 19:57;11998.5;10;ADD;
42;1;2023-02-24 19:55;11993.0;10;ENTRY;-40.0
43;1;2023-02-27 16:11;12116.0;13;ENTRY;111.0
44;1;2023-02-27 19:05;12139.25;13;ENTRY;83.0
45;1;2023-02-28 14:03;12098.25;14;ENTRY;117.0
46;1;2023-02-28 14:03;12098.25;14;ENTRY;117.0
47;1;2023-03-01 17:12;12029.0;12;ENTRY;19.0
48;1;2023-03-08 18:03;12196.0;11;ENTRY;142.0
49;1;2023-03-10 16:32;12055.0;9;ENTRY;241.0
50;1;2023-03-21 16:33;12782.0;9;ENTRY;59.0
50;2;2023-03-21 18:56;12833.5;9;ADD;
50;3;2023-03-21 19:41;12892.75;9;ADD;
51;1;2023-03-21 17:29;12807.0;9;ENTRY;-10.0
51;2;2023-03-21 19:13;12862.0;9;ADD;
52;1;2023-03-22 14:05;12884.75;13;ENTRY;16.0
52;2;2023-03-22 14:29;12932.0;13;ADD;
52;3;2023-03-22 18:01;12984.25;13;ADD;
53;1;2023-03-22 14:05;12884.75;13;ENTRY;16.0
53;2;2023-03-22 14:29;12932.0;13;ADD;
53;3;2023-03-22 18:01;12984.25;13;ADD;
54;1;2023-03-24 14:15;12841.0;9;ENTRY;67.0
55;1;2023-03-27 19:02;12867.0;9;ENTRY;93.0
56;1;2023-03-27 20:03;12812.0;9;ENTRY;-4.0
57;1;2023-03-29 15:24;12891.0;14;ENTRY;-82.0
57;2;2023-03-29 16:22;12926.25;14;ADD;
57;3;2023-03-29 19:16;12962.0;14;ADD;
58;1;2023-04-03 14:14;13224.25;16;ENTRY;-153.0
58;2;2023-04-03 14:23;13265.25;16;ADD;
59;1;2023-04-03 18:47;13212.0;16;ENTRY;-64.0
59;2;2023-04-03 19:29;13245.5;16;ADD;
59;3;2023-04-04 09:18;13277.0;16;ADD;
60;1;2023-04-04 20:01;13224.0;13;ENTRY;-9.0
61;1;2023-04-11 16:13;13099.0;15;ENTRY;56.0
62;1;2023-04-12 16:18;13076.0;11;ENTRY;-28.0
63;1;2023-04-14 15:02;13150.0;12;ENTRY;-76.0
64;1;2023-04-14 18:11;13116.0;11;ENTRY;-111.0
64;2;2023-04-14 18:31;13164.0;11;ADD;
64;3;2023-04-14 20:43;13210.5;11;ADD;
65;1;2023-04-14 18:24;13150.0;11;ENTRY;-21.0
65;2;2023-04-14 20:19;13195.5;11;ADD;
66;1;2023-04-19 14:00;13103.0;16;ENTRY;-44.0
66;2;2023-04-19 14:40;13135.75;16;ADD;
66;3;2023-04-19 15:53;13167.0;16;ADD;
67;1;2023-04-20 14:00;13118.75;17;ENTRY;-106.0
67;2;2023-04-20 14:12;13149.75;17;ADD;
68;1;2023-04-20 14:00;13118.75;16;ENTRY;-106.0
68;2;2023-04-20 14:34;13153.0;16;ADD;
69;1;2023-04-20 14:00;13118.75;16;ENTRY;-106.0
69;2;2023-04-20 14:34;13153.0;16;ADD;
70;1;2023-04-24 17:52;13030.0;14;ENTRY;-75.0
70;2;2023-04-24 20:20;13065.25;14;ADD;
71;1;2023-04-25 20:03;12899.0;15;ENTRY;-22.0
71;2;2023-04-25 22:02;12936.25;15;ADD;
71;3;2023-04-25 22:07;12975.0;15;ADD;
72;1;2023-04-25 20:04;12923.0;15;ENTRY;77.0
72;2;2023-04-25 22:04;12958.75;15;ADD;
72;3;2023-04-26 01:37;12993.5;15;ADD;
73;1;2023-04-26 14:00;12961.75;15;ENTRY;82.0
74;1;2023-04-26 14:00;12961.75;15;ENTRY;82.0
75;1;2023-04-26 14:00;12961.75;14;ENTRY;82.0
76;1;2023-04-26 14:08;12965.75;14;ENTRY;248.0
77;1;2023-04-26 14:08;12965.75;14;ENTRY;248.0
78;1;2023-05-03 15:01;13199.75;16;ENTRY;21.0
78;2;2023-05-03 17:29;13231.75;16;ADD;
79;1;2023-05-03 16:52;13219.0;16;ENTRY;-0.0
80;1;2023-05-09 16:56;13279.0;20;ENTRY;-28.0
81;1;2023-05-10 14:42;13390.5;24;ENTRY;309.0
82;1;2023-05-10 14:42;13390.5;24;ENTRY;309.0
83;1;2023-05-10 15:02;13334.0;15;ENTRY;-11.0
83;2;2023-05-10 15:29;13366.5;15;ADD;
84;1;2023-05-10 17:06;13341.0;12;ENTRY;144.0
85;1;2023-05-12 19:35;13374.0;16;ENTRY;-26.0
86;1;2023-05-12 19:56;13399.0;16;ENTRY;84.0
87;1;2023-05-16 14:00;13487.25;21;ENTRY;111.0
88;1;2023-05-16 14:00;13487.25;21;ENTRY;111.0
89;1;2023-05-18 14:00;13714.25;14;ENTRY;-64.0
89;2;2023-05-18 14:21;13749.5;14;ADD;
89;3;2023-05-18 14:31;13785.0;14;ADD;
90;1;2023-05-18 14:00;13714.25;14;ENTRY;-64.0
90;2;2023-05-18 14:21;13749.5;14;ADD;
90;3;2023-05-18 14:31;13785.0;14;ADD;
91;1;2023-05-18 14:00;13714.25;21;ENTRY;-64.0
91;2;2023-05-18 14:12;13737.75;21;ADD;
91;3;2023-05-18 14:22;13761.75;21;ADD;
92;1;2023-05-18 14:00;13714.25;21;ENTRY;-64.0
92;2;2023-05-18 14:12;13737.75;21;ADD;
92;3;2023-05-18 14:22;13761.75;21;ADD;
93;1;2023-05-22 15:01;13910.5;16;ENTRY;1.0
94;1;2023-05-22 15:08;13919.0;16;ENTRY;19.0
95;1;2023-05-24 15:28;13628.0;16;ENTRY;73.0
96;1;2023-05-24 19:51;13668.25;16;ENTRY;80.0
96;2;2023-05-24 20:21;13724.0;16;ADD;
97;1;2023-05-25 14:13;13875.25;10;ENTRY;22.0
97;2;2023-05-25 14:46;13923.25;10;ADD;
97;3;2023-05-25 15:14;13973.75;10;ADD;
98;1;2023-05-25 14:13;13875.25;10;ENTRY;22.0
98;2;2023-05-25 14:46;13923.25;10;ADD;
98;3;2023-05-25 15:14;13973.75;10;ADD;
99;1;2023-05-30 18:31;14412.0;12;ENTRY;-87.0
100;1;2023-05-30 18:46;14443.0;12;ENTRY;89.0
101;1;2023-05-31 17:40;14346.0;13;ENTRY;44.0
102;1;2023-06-02 14:00;14487.25;11;ENTRY;-177.0
102;2;2023-06-02 14:16;14533.5;11;ADD;
102;3;2023-06-02 14:48;14580.5;11;ADD;
103;1;2023-06-08 14:01;14378.75;13;ENTRY;-140.0
103;2;2023-06-08 14:32;14421.25;13;ADD;
103;3;2023-06-08 15:01;14458.75;13;ADD;
104;1;2023-06-08 14:01;14378.75;13;ENTRY;-140.0
104;2;2023-06-08 14:32;14421.25;13;ADD;
104;3;2023-06-08 15:01;14458.75;13;ADD;
105;1;2023-06-09 15:01;14589.5;13;ENTRY;-187.0
105;2;2023-06-09 15:09;14628.0;13;ADD;
106;1;2023-06-09 15:12;14636.0;13;ENTRY;278.0
107;1;2023-06-09 17:47;14609.0;11;ENTRY;29.0
108;1;2023-06-20 14:00;15239.5;14;ENTRY;107.0
109;1;2023-06-20 14:00;15239.5;14;ENTRY;107.0
110;1;2023-06-20 16:29;15241.0;13;ENTRY;-75.0
110;2;2023-06-20 17:22;15284.5;13;ADD;
111;1;2023-06-26 14:01;15137.0;12;ENTRY;-38.0
112;1;2023-06-26 14:01;15137.0;12;ENTRY;-38.0
113;1;2023-06-26 15:01;15081.0;11;ENTRY;233.0
114;1;2023-06-27 14:02;14965.5;9;ENTRY;220.0
115;1;2023-06-27 14:02;14965.5;9;ENTRY;220.0
116;1;2023-07-03 16:44;15348.0;16;ENTRY;-67.0
117;1;2023-07-05 14:00;15378.0;30;ENTRY;-24.0
117;2;2023-07-05 14:16;15394.25;30;ADD;
117;3;2023-07-05 14:18;15410.5;30;ADD;
118;1;2023-07-05 14:00;15378.0;30;ENTRY;-24.0
118;2;2023-07-05 14:16;15394.25;30;ADD;
118;3;2023-07-05 14:18;15410.5;30;ADD;
119;1;2023-07-05 14:00;15378.0;27;ENTRY;-24.0
119;2;2023-07-05 14:17;15403.5;27;ADD;
119;3;2023-07-05 14:36;15427.25;27;ADD;
120;1;2023-07-05 14:00;15378.0;27;ENTRY;-24.0
120;2;2023-07-05 14:17;15403.5;27;ADD;
120;3;2023-07-05 14:36;15427.25;27;ADD;
121;1;2023-07-07 15:01;15238.25;14;ENTRY;-62.0
121;2;2023-07-07 15:59;15276.25;14;ADD;
121;3;2023-07-07 16:33;15318.25;14;ADD;
122;1;2023-07-07 15:03;15249.0;14;ENTRY;2.0
122;2;2023-07-07 16:04;15293.0;14;ADD;
122;3;2023-07-07 16:36;15331.0;14;ADD;
123;1;2023-07-12 18:18;15472.0;13;ENTRY;11.0
124;1;2023-07-25 15:01;15613.75;15;ENTRY;-104.0
124;2;2023-07-25 15:19;15646.75;15;ADD;
124;3;2023-07-25 15:43;15682.0;15;ADD;
125;1;2023-07-25 15:20;15648.0;15;ENTRY;-37.0
125;2;2023-07-25 15:43;15682.0;15;ADD;
125;3;2023-07-25 18:31;15719.5;15;ADD;
126;1;2023-07-26 15:51;15586.0;14;ENTRY;-1.0
127;1;2023-07-26 17:01;15551.5;12;ENTRY;-33.0
127;2;2023-07-26 18:12;15603.75;12;ADD;
127;3;2023-07-26 18:40;15659.0;12;ADD;
128;1;2023-07-26 17:51;15566.0;12;ENTRY;-21.0
128;2;2023-07-26 18:39;15626.0;12;ADD;
128;3;2023-07-26 18:42;15678.5;12;ADD;
129;1;2023-07-26 19:04;15627.75;14;ENTRY;364.0
130;1;2023-07-27 16:28;15847.0;12;ENTRY;-6.0
131;1;2023-07-28 14:00;15798.5;9;ENTRY;-36.0
131;2;2023-07-28 15:17;15855.5;9;ADD;
132;1;2023-07-28 14:00;15798.5;9;ENTRY;-36.0
132;2;2023-07-28 15:17;15855.5;9;ADD;
133;1;2023-08-03 14:00;15443.25;11;ENTRY;96.0
134;1;2023-08-03 14:00;15443.25;11;ENTRY;96.0
135;1;2023-08-03 14:03;15464.0;11;ENTRY;202.0
136;1;2023-08-04 14:01;15449.25;9;ENTRY;106.0
137;1;2023-08-09 17:40;15261.0;11;ENTRY;26.0
138;1;2023-08-09 18:06;15265.0;12;ENTRY;-96.0
139;1;2023-08-10 14:12;15416.25;10;ENTRY;78.0
140;1;2023-08-10 14:12;15416.25;10;ENTRY;78.0
141;1;2023-08-10 15:01;15331.75;10;ENTRY;158.0
142;1;2023-08-10 18:15;15208.0;8;ENTRY;-0.0
142;2;2023-08-11 00:53;15265.75;8;ADD;
143;1;2023-08-10 19:19;15248.0;8;ENTRY;228.0
144;1;2023-08-14 14:01;15116.75;9;ENTRY;-162.0
144;2;2023-08-14 14:26;15170.5;9;ADD;
144;3;2023-08-14 14:51;15223.0;9;ADD;
145;1;2023-08-16 14:00;15106.0;13;ENTRY;-34.0
146;1;2023-08-16 14:08;15112.0;13;ENTRY;-88.0
147;1;2023-08-21 15:01;14830.25;11;ENTRY;106.0
147;2;2023-08-21 16:28;14874.75;11;ADD;
147;3;2023-08-21 17:21;14923.5;11;ADD;
148;1;2023-08-21 17:04;14903.75;11;ENTRY;-9.0
148;2;2023-08-21 17:36;14947.25;11;ADD;
148;3;2023-08-21 18:49;14991.25;11;ADD;
149;1;2023-08-22 16:01;14985.0;11;ENTRY;156.0
150;1;2023-08-23 14:01;15093.5;13;ENTRY;-136.0
150;2;2023-08-23 14:23;15135.5;13;ADD;
150;3;2023-08-23 14:50;15175.5;13;ADD;
151;1;2023-08-23 14:01;15093.5;13;ENTRY;-136.0
151;2;2023-08-23 14:23;15135.5;13;ADD;
151;3;2023-08-23 14:50;15175.5;13;ADD;
152;1;2023-08-24 16:42;15031.0;8;ENTRY;115.0
153;1;2023-08-25 14:01;14946.5;8;ENTRY;-312.0
154;1;2023-08-25 14:01;14946.5;10;ENTRY;-312.0
155;1;2023-08-25 14:01;14946.5;10;ENTRY;-312.0
156;1;2023-08-25 18:15;14913.0;9;ENTRY;-239.0
156;2;2023-08-25 18:29;14969.0;9;ADD;
156;3;2023-08-25 19:24;15022.5;9;ADD;
157;1;2023-08-28 18:01;15010.0;9;ENTRY;-27.0
157;2;2023-08-28 19:10;15068.0;9;ADD;
157;3;2023-08-29 05:12;15123.0;9;ADD;
158;1;2023-08-28 18:38;15037.0;9;ENTRY;-25.0
158;2;2023-08-28 19:47;15096.25;9;ADD;
158;3;2023-08-29 13:46;15155.75;9;ADD;
159;1;2023-08-29 14:00;15159.75;9;ENTRY;-339.0
159;2;2023-08-29 14:03;15216.5;9;ADD;
159;3;2023-08-29 14:22;15276.5;9;ADD;
160;1;2023-08-31 14:03;15572.0;15;ENTRY;-20.0
161;1;2023-08-31 14:03;15572.0;15;ENTRY;-20.0
162;1;2023-09-05 14:05;15457.0;16;ENTRY;-133.0
162;2;2023-09-05 14:12;15490.25;16;ADD;
162;3;2023-09-05 14:50;15520.5;16;ADD;
163;1;2023-09-06 17:49;15367.0;14;ENTRY;74.0
164;1;2023-09-06 19:59;15393.0;14;ENTRY;21.0
165;1;2023-09-08 14:54;15344.75;13;ENTRY;143.0
166;1;2023-09-08 14:54;15344.75;13;ENTRY;143.0
167;1;2023-09-08 20:06;15313.0;10;ENTRY;-19.0
167;2;2023-09-17 22:01;15383.25;10;ADD;
168;1;2023-09-18 14:01;15409.25;14;ENTRY;-71.0
169;1;2023-09-22 14:01;14950.25;11;ENTRY;103.0
169;2;2023-09-22 14:37;14999.25;11;ADD;
170;1;2023-09-27 19:03;14758.0;13;ENTRY;-87.0
170;2;2023-09-27 19:08;14802.5;13;ADD;
171;1;2023-09-29 19:52;14917.0;9;ENTRY;101.0
172;1;2023-10-03 14:00;14955.25;10;ENTRY;547.0
173;1;2023-10-03 14:00;14955.25;10;ENTRY;547.0
174;1;2023-10-04 14:01;14803.0;9;ENTRY;88.0
175;1;2023-10-04 14:01;14803.0;9;ENTRY;88.0
176;1;2023-10-11 16:01;15313.0;13;ENTRY;108.0
177;1;2023-10-11 18:28;15333.0;13;ENTRY;32.0
177;2;2023-10-11 19:48;15369.5;13;ADD;
177;3;2023-10-11 20:08;15407.0;13;ADD;
178;1;2023-10-13 14:01;15344.25;15;ENTRY;179.0
179;1;2023-10-13 14:01;15344.25;15;ENTRY;179.0
180;1;2023-10-18 15:04;15130.0;11;ENTRY;-50.0
181;1;2023-10-18 16:06;15167.75;11;ENTRY;163.0
182;1;2023-10-18 20:08;15069.0;9;ENTRY;18.0
183;1;2023-10-24 14:02;14827.25;8;ENTRY;47.0
184;1;2023-10-24 14:02;14827.25;8;ENTRY;47.0
185;1;2023-10-24 17:31;14779.0;10;ENTRY;21.0
185;2;2023-10-24 18:49;14830.0;10;ADD;
185;3;2023-10-24 20:01;14883.25;10;ADD;
186;1;2023-10-26 18:07;14237.0;8;ENTRY;27.0
186;2;2023-10-26 18:53;14299.25;8;ADD;
187;1;2023-10-26 18:34;14278.0;8;ENTRY;-48.0
188;1;2023-10-26 18:47;14293.0;8;ENTRY;-147.0
189;1;2023-10-26 20:02;14231.0;7;ENTRY;-50.0
189;2;2023-10-26 23:06;14302.25;7;ADD;
189;3;2023-10-27 15:15;14375.0;7;ADD;
190;1;2023-10-27 14:01;14327.5;7;ENTRY;-20.0
190;2;2023-10-27 15:17;14397.75;7;ADD;
191;1;2023-10-30 15:04;14383.0;11;ENTRY;83.0
192;1;2023-10-30 17:05;14339.0;9;ENTRY;2.0
192;2;2023-10-30 17:30;14398.25;9;ADD;
192;3;2023-10-30 19:03;14450.5;9;ADD;
193;1;2023-10-30 17:28;14382.0;9;ENTRY;-66.0
193;2;2023-10-30 18:39;14438.0;9;ADD;
194;1;2023-11-07 14:01;15252.75;17;ENTRY;-37.0
194;2;2023-11-07 14:19;15282.75;17;ADD;
195;1;2023-11-07 14:01;15252.75;17;ENTRY;-37.0
195;2;2023-11-07 14:19;15282.75;17;ADD;
196;1;2023-11-09 14:01;15403.5;19;ENTRY;-24.0
197;1;2023-11-09 14:01;15403.5;19;ENTRY;-24.0
198;1;2023-11-09 16:01;15389.0;18;ENTRY;-128.0
198;2;2023-11-09 16:12;15419.75;18;ADD;
198;3;2023-11-09 16:53;15452.25;18;ADD;
199;1;2023-11-09 17:17;15405.0;18;ENTRY;23.0
200;1;2023-11-13 15:29;15527.0;15;ENTRY;-8.0
200;2;2023-11-13 16:15;15560.0;15;ADD;
200;3;2023-11-14 08:55;15592.25;15;ADD;
201;1;2023-11-15 15:25;15954.0;13;ENTRY;88.0
202;1;2023-11-15 17:39;15916.0;12;ENTRY;46.0
203;1;2023-11-16 16:01;15838.25;14;ENTRY;26.0
204;1;2023-11-16 17:14;15869.0;14;ENTRY;-24.0
205;1;2023-11-20 14:00;15916.5;18;ENTRY;32.0
205;2;2023-11-20 14:32;15944.25;18;ADD;
205;3;2023-11-20 14:36;15973.0;18;ADD;
206;1;2023-11-20 14:04;15921.25;18;ENTRY;49.0
207;1;2023-11-21 20:03;15994.0;18;ENTRY;7.0
208;1;2023-11-24 15:01;16028.0;24;ENTRY;76.0
209;1;2023-11-24 16:01;16008.0;22;ENTRY;-7.0
210;1;2023-11-27 14:03;15998.5;21;ENTRY;55.0
210;2;2023-11-27 14:31;16035.0;21;ADD;
211;1;2023-11-27 14:03;15998.5;21;ENTRY;55.0
211;2;2023-11-27 14:31;16035.0;21;ADD;
212;1;2023-11-29 17:33;16092.0;14;ENTRY;9.0
213;1;2023-11-30 20:55;15976.0;15;ENTRY;39.0
214;1;2023-12-04 17:16;15836.0;13;ENTRY;-26.0
215;1;2023-12-04 17:58;15868.0;13;ENTRY;68.0
216;1;2023-12-06 15:16;15962.0;13;ENTRY;224.0
217;1;2023-12-07 14:00;15914.5;11;ENTRY;-43.0
217;2;2023-12-07 14:35;15963.5;11;ADD;
218;1;2023-12-07 14:00;15914.5;11;ENTRY;-43.0
218;2;2023-12-07 14:35;15963.5;11;ADD;
219;1;2023-12-15 14:01;16788.5;12;ENTRY;-94.0
219;2;2023-12-15 14:43;16836.75;12;ADD;
219;3;2023-12-15 16:31;16882.5;12;ADD;
220;1;2023-12-21 14:00;16941.5;13;ENTRY;37.0
221;1;2023-12-21 15:21;16909.0;15;ENTRY;68.0
222;1;2023-12-21 18:25;16871.0;13;ENTRY;63.0
222;2;2023-12-21 20:21;16913.5;13;ADD;
222;3;2023-12-21 20:41;16951.5;13;ADD;
223;1;2023-12-21 19:43;16903.0;13;ENTRY;125.0
223;2;2023-12-21 20:34;16940.75;13;ADD;
223;3;2023-12-22 13:37;16990.0;13;ADD;
224;1;2023-12-27 18:07;17100.0;25;ENTRY;-44.0
224;2;2023-12-27 18:54;17121.0;25;ADD;
225;1;2023-12-28 14:00;17147.0;20;ENTRY;20.0
226;1;2023-12-28 14:00;17147.0;20;ENTRY;20.0
227;1;2023-12-28 17:01;17113.0;24;ENTRY;-21.0
228;1;2023-12-29 18:44;17026.0;20;ENTRY;14.0
229;1;2024-01-02 14:00;16854.75;16;ENTRY;-26.0
230;1;2024-01-02 16:31;16768.0;12;ENTRY;-42.0
231;1;2024-01-11 17:51;16843.0;10;ENTRY;-123.0
231;2;2024-01-11 18:18;16891.5;10;ADD;
231;3;2024-01-11 19:01;16942.25;10;ADD;
232;1;2024-01-11 18:39;16901.0;10;ENTRY;-55.0
232;2;2024-01-11 19:31;16954.0;10;ADD;
233;1;2024-01-16 14:06;16892.75;17;ENTRY;20.0
233;2;2024-01-16 14:31;16932.5;17;ADD;
234;1;2024-01-16 14:06;16892.75;17;ENTRY;20.0
234;2;2024-01-16 14:31;16932.5;17;ADD;
235;1;2024-01-17 16:06;16806.0;12;ENTRY;-8.0
236;1;2024-01-17 19:22;16788.0;10;ENTRY;-102.0
236;2;2024-01-17 19:45;16839.5;10;ADD;
236;3;2024-01-18 06:37;16890.0;10;ADD;
237;1;2024-01-17 19:36;16817.0;10;ENTRY;-49.0
237;2;2024-01-17 20:51;16870.25;10;ADD;
237;3;2024-01-18 09:32;16921.25;10;ADD;
238;1;2024-01-19 14:00;17221.25;10;ENTRY;49.0
239;1;2024-01-19 14:00;17221.25;10;ENTRY;49.0
240;1;2024-01-22 16:58;17513.0;12;ENTRY;156.0
241;1;2024-01-23 14:02;17498.5;15;ENTRY;34.0
242;1;2024-01-23 14:02;17498.5;15;ENTRY;34.0
243;1;2024-01-25 14:02;17706.0;11;ENTRY;-45.0
244;1;2024-01-25 14:02;17706.0;11;ENTRY;-45.0
245;1;2024-01-25 14:31;17722.0;12;ENTRY;177.0
246;1;2024-01-26 15:01;17548.5;11;ENTRY;43.0
247;1;2024-01-26 15:33;17590.0;11;ENTRY;-44.0
248;1;2024-01-31 17:09;17365.0;12;ENTRY;70.0
249;1;2024-01-31 18:17;17401.0;12;ENTRY;62.0
250;1;2024-02-01 14:00;17339.5;9;ENTRY;12.0
251;1;2024-02-01 15:06;17322.0;11;ENTRY;-38.0
251;2;2024-02-01 15:30;17368.25;11;ADD;
252;1;2024-02-05 17:33;17697.0;11;ENTRY;-34.0
252;2;2024-02-05 19:47;17742.75;11;ADD;
253;1;2024-02-06 14:00;17739.0;13;ENTRY;-38.0
254;1;2024-02-06 14:00;17739.0;13;ENTRY;-38.0
255;1;2024-02-06 18:39;17623.0;11;ENTRY;1.0
256;1;2024-02-06 20:08;17650.0;11;ENTRY;34.0
257;1;2024-02-09 14:00;17932.25;15;ENTRY;-0.0
258;1;2024-02-09 14:00;17932.25;15;ENTRY;-0.0
259;1;2024-02-14 14:00;17780.0;9;ENTRY;9.0
259;2;2024-02-14 15:21;17835.25;9;ADD;
260;1;2024-02-14 14:00;17780.0;9;ENTRY;9.0
260;2;2024-02-14 15:21;17835.25;9;ADD;
261;1;2024-02-14 14:00;17780.0;9;ENTRY;9.0
261;2;2024-02-14 15:21;17835.25;9;ADD;
262;1;2024-02-14 14:00;17780.0;9;ENTRY;9.0
262;2;2024-02-14 15:21;17835.25;9;ADD;
263;1;2024-02-15 18:12;17889.0;14;ENTRY;-106.0
263;2;2024-02-15 18:31;17930.5;14;ADD;
264;1;2024-02-20 14:01;17673.75;13;ENTRY;-14.0
264;2;2024-02-20 14:32;17711.5;13;ADD;
265;1;2024-02-20 17:01;17507.0;10;ENTRY;133.0
266;1;2024-02-20 19:42;17549.0;10;ENTRY;-62.0
266;2;2024-02-20 20:59;17597.0;10;ADD;
267;1;2024-02-21 20:35;17452.0;11;ENTRY;-200.0
267;2;2024-02-21 20:44;17500.75;11;ADD;
268;1;2024-02-21 20:38;17478.0;11;ENTRY;-156.0
268;2;2024-02-21 20:56;17530.25;11;ADD;
269;1;2024-02-22 14:00;17900.75;11;ENTRY;83.0
269;2;2024-02-22 14:50;17945.75;11;ADD;
269;3;2024-02-22 17:31;17993.75;11;ADD;
270;1;2024-02-22 14:00;17900.75;11;ENTRY;83.0
270;2;2024-02-22 14:50;17945.75;11;ADD;
270;3;2024-02-22 17:31;17993.75;11;ADD;
271;1;2024-02-26 14:00;18017.0;11;ENTRY;44.0
272;1;2024-02-26 14:00;18017.0;11;ENTRY;44.0
273;1;2024-02-27 15:01;17992.0;14;ENTRY;-35.0
273;2;2024-02-27 15:20;18028.25;14;ADD;
274;1;2024-02-27 15:20;18020.0;14;ENTRY;41.0
275;1;2024-02-27 19:01;17977.0;12;ENTRY;-58.0
275;2;2024-02-27 19:34;18017.0;12;ADD;
276;1;2024-02-27 19:17;18000.0;12;ENTRY;-51.0
277;1;2024-02-28 14:43;17946.0;15;ENTRY;185.0
278;1;2024-02-28 15:36;17924.0;14;ENTRY;17.0
278;2;2024-02-28 16:21;17963.25;14;ADD;
279;1;2024-02-29 14:00;18009.25;13;ENTRY;-55.0
279;2;2024-02-29 14:31;18050.0;13;ADD;
280;1;2024-02-29 14:00;18009.25;13;ENTRY;-55.0
280;2;2024-02-29 14:31;18050.0;13;ADD;
281;1;2024-02-29 14:00;18009.25;11;ENTRY;-55.0
281;2;2024-02-29 14:35;18060.0;11;ADD;
282;1;2024-02-29 14:00;18009.25;11;ENTRY;-55.0
282;2;2024-02-29 14:35;18060.0;11;ADD;
283;1;2024-03-04 15:48;18333.0;15;ENTRY;44.0
284;1;2024-03-06 14:01;18098.0;10;ENTRY;38.0
285;1;2024-03-06 14:01;18098.0;10;ENTRY;38.0
286;1;2024-03-06 15:51;18072.0;12;ENTRY;-71.0
286;2;2024-03-06 16:51;18112.75;12;ADD;
286;3;2024-03-06 17:11;18153.75;12;ADD;
287;1;2024-03-06 16:01;18092.0;12;ENTRY;-36.0
287;2;2024-03-06 17:05;18131.5;12;ADD;
287;3;2024-03-06 17:33;18171.75;12;ADD;
288;1;2024-03-07 14:01;18152.0;10;ENTRY;-14.0
288;2;2024-03-07 14:36;18205.0;10;ADD;
289;1;2024-03-07 14:46;18163.25;10;ENTRY;-97.0
289;2;2024-03-07 15:13;18212.5;10;ADD;
289;3;2024-03-07 15:43;18262.75;10;ADD;
290;1;2024-03-08 14:00;18363.0;9;ENTRY;109.0
291;1;2024-03-08 14:00;18363.0;9;ENTRY;109.0
292;1;2024-03-08 19:43;18163.0;7;ENTRY;101.0
293;1;2024-03-26 14:12;18585.75;13;ENTRY;11.0
294;1;2024-03-26 14:12;18585.75;13;ENTRY;11.0
295;1;2024-03-26 18:29;18560.0;14;ENTRY;58.0
296;1;2024-03-28 18:58;18495.0;13;ENTRY;2.0
297;1;2024-04-01 14:00;18592.75;15;ENTRY;34.0
298;1;2024-04-01 14:00;18592.75;15;ENTRY;34.0
299;1;2024-04-01 19:56;18506.0;11;ENTRY;33.0
300;1;2024-04-05 14:11;18212.0;9;ENTRY;-1.0
300;2;2024-04-05 14:50;18268.75;9;ADD;
300;3;2024-04-05 15:43;18323.0;9;ADD;
301;1;2024-04-08 14:00;18301.0;10;ENTRY;-34.0
301;2;2024-04-08 14:31;18357.75;10;ADD;
302;1;2024-04-08 15:46;18314.0;9;ENTRY;104.0
303;1;2024-04-08 16:01;18301.25;8;ENTRY;94.0
304;1;2024-04-09 14:00;18347.75;12;ENTRY;-40.0
305;1;2024-04-09 14:00;18347.75;12;ENTRY;-40.0
306;1;2024-04-17 17:38;17727.0;8;ENTRY;63.0
306;2;2024-04-17 18:45;17789.25;8;ADD;
307;1;2024-04-19 14:00;17472.0;8;ENTRY;241.0
308;1;2024-04-19 14:00;17472.0;8;ENTRY;241.0
309;1;2024-04-22 16:16;17272.0;8;ENTRY;97.0
309;2;2024-04-22 17:27;17330.25;8;ADD;
309;3;2024-04-22 17:53;17398.25;8;ADD;
310;1;2024-04-23 14:01;17500.75;7;ENTRY;-55.0
310;2;2024-04-23 14:31;17582.75;7;ADD;
310;3;2024-04-23 18:45;17652.5;7;ADD;
311;1;2024-04-23 14:01;17500.75;7;ENTRY;-55.0
311;2;2024-04-23 14:31;17582.75;7;ADD;
311;3;2024-04-23 18:45;17652.5;7;ADD;
312;1;2024-04-24 17:48;17701.0;10;ENTRY;56.0
313;1;2024-04-24 19:01;17612.75;9;ENTRY;-145.0
313;2;2024-04-24 19:24;17671.5;9;ADD;
314;1;2024-04-24 19:26;17681.0;9;ENTRY;45.0
315;1;2024-04-30 14:01;17874.0;14;ENTRY;5.0
316;1;2024-04-30 17:56;17735.0;11;ENTRY;41.0
317;1;2024-04-30 19:01;17686.0;10;ENTRY;-13.0
318;1;2024-05-01 16:12;17445.0;10;ENTRY;-40.0
318;2;2024-05-01 18:01;17510.25;10;ADD;
318;3;2024-05-01 18:30;17559.0;10;ADD;
319;1;2024-05-01 18:02;17509.75;10;ENTRY;65.0
320;1;2024-05-01 20:01;17460.0;7;ENTRY;16.0
320;2;2024-05-01 23:46;17526.75;7;ADD;
320;3;2024-05-02 08:16;17591.5;7;ADD;
321;1;2024-05-02 14:02;17491.75;7;ENTRY;174.0
322;1;2024-05-03 15:01;17926.0;8;ENTRY;62.0
322;2;2024-05-03 15:41;17986.25;8;ADD;
323;1;2024-05-03 15:35;17979.0;8;ENTRY;2.0
323;2;2024-05-05 22:01;18039.25;8;ADD;
324;1;2024-05-08 14:13;18166.75;19;ENTRY;-126.0
324;2;2024-05-08 14:24;18194.75;19;ADD;
324;3;2024-05-08 14:48;18225.25;19;ADD;
325;1;2024-05-08 17:02;18170.75;19;ENTRY;20.0
326;1;2024-05-08 17:02;18170.75;14;ENTRY;20.0
327;1;2024-05-10 14:00;18332.25;17;ENTRY;244.0
328;1;2024-05-10 14:00;18332.25;17;ENTRY;244.0
329;1;2024-05-14 14:00;18302.25;22;ENTRY;-3.0
330;1;2024-05-14 14:00;18302.25;22;ENTRY;-3.0
331;1;2024-05-20 14:01;18749.75;21;ENTRY;43.0
331;2;2024-05-20 16:43;18773.0;21;ADD;
332;1;2024-05-20 14:01;18749.75;21;ENTRY;43.0
332;2;2024-05-20 16:43;18773.0;21;ADD;
333;1;2024-05-20 18:01;18745.75;16;ENTRY;35.0
334;1;2024-05-22 19:32;18748.0;17;ENTRY;11.0
334;2;2024-05-22 19:37;18777.25;17;ADD;
335;1;2024-05-22 20:01;18806.0;19;ENTRY;48.0
336;1;2024-05-22 20:01;18806.0;17;ENTRY;48.0
337;1;2024-05-22 20:28;18848.25;19;ENTRY;153.0
338;1;2024-05-23 14:54;18845.25;17;ENTRY;-101.0
339;1;2024-05-23 14:54;18845.25;17;ENTRY;-101.0
340;1;2024-05-30 17:43;18728.0;12;ENTRY;98.0
341;1;2024-05-31 17:27;18361.0;8;ENTRY;75.0
341;2;2024-05-31 19:25;18420.25;8;ADD;
341;3;2024-05-31 19:45;18480.5;8;ADD;
342;1;2024-05-31 19:44;18477.0;8;ENTRY;-370.0
342;2;2024-05-31 19:53;18546.25;8;ADD;
342;3;2024-05-31 20:05;18614.25;8;ADD;
343;1;2024-06-03 19:22;18589.0;8;ENTRY;23.0
343;2;2024-06-03 20:00;18652.75;8;ADD;
344;1;2024-06-03 19:57;18623.0;8;ENTRY;-146.0
345;1;2024-06-04 14:06;18632.25;10;ENTRY;101.0
346;1;2024-06-04 14:06;18632.25;10;ENTRY;101.0
347;1;2024-06-13 14:11;19637.0;12;ENTRY;331.0
348;1;2024-06-13 19:59;19628.0;11;ENTRY;61.0
349;1;2024-06-14 14:01;19638.75;13;ENTRY;153.0
350;1;2024-06-24 15:01;19907.25;10;ENTRY;6.0
351;1;2024-06-25 14:00;19835.5;8;ENTRY;-232.0
351;2;2024-06-25 14:33;19897.5;8;ADD;
351;3;2024-06-25 15:58;19957.5;8;ADD;
352;1;2024-06-25 14:00;19835.5;8;ENTRY;-232.0
352;2;2024-06-25 14:33;19897.5;8;ADD;
352;3;2024-06-25 15:58;19957.5;8;ADD;
353;1;2024-06-25 14:00;19835.5;11;ENTRY;-232.0
353;2;2024-06-25 14:06;19879.0;11;ADD;
353;3;2024-06-25 15:16;19923.5;11;ADD;
354;1;2024-06-25 14:00;19835.5;11;ENTRY;-232.0
354;2;2024-06-25 14:06;19879.0;11;ADD;
354;3;2024-06-25 15:16;19923.5;11;ADD;
355;1;2024-06-26 20:02;19986.0;13;ENTRY;152.0
356;1;2024-06-27 14:08;20061.5;9;ENTRY;-89.0
357;1;2024-06-27 14:08;20061.5;9;ENTRY;-89.0
358;1;2024-06-28 14:58;20147.25;14;ENTRY;194.0
359;1;2024-06-28 14:58;20147.25;14;ENTRY;194.0
360;1;2024-07-10 15:26;20743.0;19;ENTRY;-29.0
360;2;2024-07-10 16:05;20769.25;19;ADD;
360;3;2024-07-10 16:23;20801.0;19;ADD;
361;1;2024-07-18 14:21;20074.75;9;ENTRY;535.0
362;1;2024-07-18 19:50;19957.0;7;ENTRY;265.0
363;1;2024-07-22 16:37;19909.0;7;ENTRY;-155.0
363;2;2024-07-22 17:06;19980.0;7;ADD;
364;1;2024-07-22 17:04;19974.0;7;ENTRY;-26.0
365;1;2024-07-26 14:31;19149.0;4;ENTRY;331.0
366;1;2024-07-29 14:04;19356.75;7;ENTRY;306.0
367;1;2024-07-29 14:04;19356.75;7;ENTRY;306.0
368;1;2024-07-29 15:58;19259.0;7;ENTRY;-163.0
368;2;2024-07-29 16:17;19327.25;7;ADD;
369;1;2024-07-29 16:20;19332.0;7;ENTRY;102.0
370;1;2024-07-30 14:01;19225.5;7;ENTRY;8.0
371;1;2024-07-30 14:01;19233.0;7;ENTRY;38.0
372;1;2024-07-30 17:52;18950.0;7;ENTRY;10.0
373;1;2024-07-31 14:00;19392.0;6;ENTRY;-135.0
373;2;2024-07-31 14:33;19471.75;6;ADD;
374;1;2024-07-31 14:00;19392.0;6;ENTRY;-135.0
374;2;2024-07-31 14:33;19471.75;6;ADD;
375;1;2024-08-01 14:00;19648.25;6;ENTRY;287.0
376;1;2024-08-01 14:01;19658.0;6;ENTRY;374.0
377;1;2024-08-01 14:04;19662.5;6;ENTRY;483.0
378;1;2024-08-02 15:38;18561.0;4;ENTRY;-92.0
379;1;2024-08-07 14:05;18536.5;3;ENTRY;390.0
380;1;2024-08-07 14:05;18536.5;3;ENTRY;390.0
381;1;2024-08-13 14:00;18901.25;8;ENTRY;44.0
381;2;2024-08-13 15:16;18963.75;8;ADD;
381;3;2024-08-13 16:43;19031.75;8;ADD;
382;1;2024-08-13 14:00;18901.25;8;ENTRY;44.0
382;2;2024-08-13 15:16;18963.75;8;ADD;
382;3;2024-08-13 16:43;19031.75;8;ADD;
383;1;2024-08-20 15:38;19824.0;10;ENTRY;56.0
384;1;2024-08-20 17:08;19781.0;9;ENTRY;48.0
384;2;2024-08-20 18:14;19839.25;9;ADD;
385;1;2024-08-20 18:04;19817.0;9;ENTRY;-116.0
385;2;2024-08-21 13:58;19878.25;9;ADD;
386;1;2024-08-26 18:21;19572.0;7;ENTRY;-116.0
386;2;2024-08-27 08:13;19645.0;7;ADD;
387;1;2024-08-28 18:56;19396.0;8;ENTRY;-133.0
387;2;2024-08-28 19:31;19458.0;8;ADD;
388;1;2024-08-28 19:01;19441.0;8;ENTRY;4.0
389;1;2024-08-29 14:04;19633.5;7;ENTRY;352.0
390;1;2024-08-29 14:04;19633.5;7;ENTRY;352.0
391;1;2024-08-30 14:06;19605.5;6;ENTRY;136.0
392;1;2024-08-30 18:52;19529.0;7;ENTRY;8.0
392;2;2024-08-30 19:51;19593.75;7;ADD;
393;1;2024-08-30 19:51;19574.0;7;ENTRY;-150.0
394;1;2024-09-04 14:01;18973.0;7;ENTRY;69.0
395;1;2024-09-04 14:01;18973.0;7;ENTRY;69.0
396;1;2024-09-05 18:51;19032.0;6;ENTRY;203.0
397;1;2024-09-06 14:06;18774.0;6;ENTRY;141.0
398;1;2024-09-09 15:57;18632.0;7;ENTRY;-81.0
398;2;2024-09-09 16:47;18705.75;7;ADD;
399;1;2024-09-09 16:29;18678.0;7;ENTRY;-40.0
400;1;2024-09-10 16:54;18704.0;7;ENTRY;-32.0
400;2;2024-09-10 17:49;18776.5;7;ADD;
400;3;2024-09-10 19:29;18857.25;7;ADD;
401;1;2024-09-10 17:17;18770.0;7;ENTRY;69.0
401;2;2024-09-10 19:12;18841.75;7;ADD;
402;1;2024-09-11 14:01;18791.5;7;ENTRY;517.0
403;1;2024-09-26 17:01;20251.75;8;ENTRY;75.0
404;1;2024-09-26 17:56;20288.0;8;ENTRY;-22.0
404;2;2024-09-26 19:12;20349.5;8;ADD;
405;1;2024-09-30 14:00;20216.5;9;ENTRY;192.0
406;1;2024-09-30 14:00;20216.5;9;ENTRY;192.0
407;1;2024-10-01 16:11;19978.0;7;ENTRY;99.0
408;1;2024-10-03 14:00;20037.25;8;ENTRY;49.0
408;2;2024-10-03 14:07;20102.5;8;ADD;
409;1;2024-10-03 14:00;20037.25;8;ENTRY;49.0
409;2;2024-10-03 14:07;20102.5;8;ADD;
410;1;2024-10-03 15:01;19940.75;7;ENTRY;-146.0
410;2;2024-10-03 15:31;20012.25;7;ADD;
411;1;2024-10-03 15:17;19990.0;7;ENTRY;-122.0
412;1;2024-10-03 17:22;19932.0;6;ENTRY;-120.0
412;2;2024-10-03 20:06;20008.25;6;ADD;
412;3;2024-10-04 11:31;20084.5;6;ADD;
413;1;2024-10-04 17:38;20133.75;7;ENTRY;5.0
413;2;2024-10-04 19:32;20203.25;7;ADD;
414;1;2024-10-14 15:01;20563.25;12;ENTRY;-36.0
414;2;2024-10-14 16:25;20606.5;12;ADD;
414;3;2024-10-14 19:41;20650.25;12;ADD;
415;1;2024-10-14 17:05;20621.0;12;ENTRY;90.0
415;2;2024-10-14 19:50;20662.75;12;ADD;
416;1;2024-10-15 16:19;20406.0;10;ENTRY;-8.0
417;1;2024-10-21 14:01;20493.5;12;ENTRY;-138.0
417;2;2024-10-21 14:17;20546.75;12;ADD;
418;1;2024-10-21 14:01;20493.5;12;ENTRY;-138.0
418;2;2024-10-21 14:17;20546.75;12;ADD;
419;1;2024-10-21 15:51;20441.0;11;ENTRY;-48.0
419;2;2024-10-21 17:16;20488.25;11;ADD;
419;3;2024-10-21 20:22;20534.25;11;ADD;
420;1;2024-10-21 17:16;20492.0;11;ENTRY;57.0
421;1;2024-10-22 14:03;20459.0;11;ENTRY;-182.0
421;2;2024-10-22 14:07;20503.25;11;ADD;
422;1;2024-10-23 20:04;20237.0;9;ENTRY;-182.0
422;2;2024-10-23 20:25;20291.5;9;ADD;
422;3;2024-10-24 07:07;20347.75;9;ADD;
423;1;2024-10-23 20:29;20297.0;9;ENTRY;60.0
423;2;2024-10-24 07:15;20351.75;9;ADD;
423;3;2024-10-24 11:47;20406.75;9;ADD;
424;1;2024-11-04 17:51;20145.0;8;ENTRY;100.0
425;1;2024-11-06 14:00;20690.25;7;ENTRY;117.0
425;2;2024-11-06 14:37;20769.25;7;ADD;
426;1;2024-11-11 20:11;21198.0;11;ENTRY;30.0
426;2;2024-11-12 01:45;21242.5;11;ADD;
427;1;2024-11-12 14:02;21222.5;12;ENTRY;89.0
428;1;2024-11-12 14:02;21222.5;12;ENTRY;89.0
429;1;2024-11-12 18:36;21164.0;11;ENTRY;-25.0
430;1;2024-11-12 18:58;21195.0;11;ENTRY;47.0
431;1;2024-11-13 14:00;21178.75;11;ENTRY;21.0
432;1;2024-11-14 19:01;21036.0;9;ENTRY;-65.0
433;1;2024-11-14 19:05;21084.0;9;ENTRY;121.0
434;1;2024-11-15 19:45;20480.0;8;ENTRY;77.0
435;1;2024-11-15 20:55;20504.0;8;ENTRY;-0.0
436;1;2024-11-20 18:01;20608.0;7;ENTRY;-39.0
436;2;2024-11-20 20:32;20682.25;7;ADD;
436;3;2024-11-20 20:56;20759.25;7;ADD;
437;1;2024-11-20 20:27;20645.0;7;ENTRY;-331.0
437;2;2024-11-20 20:35;20720.25;7;ADD;
438;1;2024-11-21 14:00;20846.0;7;ENTRY;-127.0
439;1;2024-11-21 14:00;20846.0;7;ENTRY;-127.0
440;1;2024-11-21 14:00;20846.0;6;ENTRY;-127.0
441;1;2024-11-21 14:00;20846.0;6;ENTRY;-127.0
442;1;2024-11-21 17:39;20818.0;6;ENTRY;-12.0
443;1;2024-11-26 14:26;20945.0;9;ENTRY;-141.0
443;2;2024-11-26 14:46;21005.75;9;ADD;
444;1;2024-11-26 14:26;20945.0;9;ENTRY;-141.0
444;2;2024-11-26 14:46;21005.75;9;ADD;
445;1;2024-12-09 20:01;21476.25;11;ENTRY;53.0
445;2;2024-12-10 12:22;21519.5;11;ADD;
445;3;2024-12-10 14:44;21566.0;11;ADD;
446;1;2024-12-13 14:00;21822.75;12;ENTRY;79.0
447;1;2024-12-13 14:00;21822.75;12;ENTRY;79.0
448;1;2024-12-13 19:10;21778.0;12;ENTRY;-75.0
448;2;2024-12-13 20:34;21822.0;12;ADD;
449;1;2025-01-02 16:01;21278.25;6;ENTRY;166.0
450;1;2025-01-07 14:54;21794.0;7;ENTRY;790.0
451;1;2025-01-07 18:11;21487.0;7;ENTRY;-95.0
452;1;2025-01-08 14:01;21376.75;8;ENTRY;166.0
453;1;2025-01-08 14:01;21376.75;8;ENTRY;166.0
454;1;2025-01-08 18:03;21310.0;6;ENTRY;-168.0
454;2;2025-01-08 18:29;21395.25;6;ADD;
455;1;2025-01-10 15:40;21080.0;7;ENTRY;173.0
456;1;2025-01-10 17:27;20937.0;6;ENTRY;-264.0
456;2;2025-01-10 17:52;21022.0;6;ADD;
456;3;2025-01-10 18:24;21106.5;6;ADD;
457;1;2025-01-10 18:24;21086.0;6;ENTRY;-120.0
457;2;2025-01-10 18:58;21172.5;6;ADD;
458;1;2025-01-13 14:01;20810.0;6;ENTRY;106.0
459;1;2025-01-14 15:08;21052.0;6;ENTRY;65.0
460;1;2025-01-14 18:29;20942.0;6;ENTRY;-152.0
461;1;2025-01-14 20:56;20904.0;5;ENTRY;-290.0
461;2;2025-01-15 11:43;20994.0;5;ADD;
461;3;2025-01-15 13:31;21181.5;5;ADD;
462;1;2025-01-15 14:00;21291.75;5;ENTRY;113.0
463;1;2025-01-15 14:00;21291.75;5;ENTRY;113.0
464;1;2025-01-16 14:31;21494.5;7;ENTRY;342.0
465;1;2025-01-16 16:01;21430.0;7;ENTRY;-36.0
466;1;2025-01-16 16:09;21467.0;7;ENTRY;198.0
467;1;2025-01-16 20:02;21383.0;6;ENTRY;58.0
468;1;2025-01-17 14:40;21533.25;6;ENTRY;38.0
468;2;2025-01-17 16:25;21618.5;6;ADD;
469;1;2025-01-17 14:40;21533.25;6;ENTRY;38.0
469;2;2025-01-17 16:25;21618.5;6;ADD;
470;1;2025-01-17 14:40;21533.25;6;ENTRY;38.0
470;2;2025-01-17 16:25;21618.5;6;ADD;
471;1;2025-01-17 14:40;21533.25;6;ENTRY;38.0
471;2;2025-01-17 16:25;21618.5;6;ADD;
472;1;2025-01-20 17:25;21706.0;8;ENTRY;63.0
473;1;2025-01-21 14:19;21724.0;8;ENTRY;97.0
474;1;2025-01-21 17:28;21688.0;7;ENTRY;-99.0
474;2;2025-01-21 18:14;21754.5;7;ADD;
474;3;2025-01-22 00:21;21820.5;7;ADD;
475;1;2025-01-21 17:43;21715.0;7;ENTRY;-84.0
475;2;2025-01-21 23:01;21785.75;7;ADD;
475;3;2025-01-22 03:39;21854.0;7;ADD;
476;1;2025-01-24 14:03;22013.5;11;ENTRY;-100.0
476;2;2025-01-24 14:49;22065.25;11;ADD;
477;1;2025-01-24 16:33;22012.0;12;ENTRY;-72.0
478;1;2025-01-29 19:42;21566.0;7;ENTRY;206.0
479;1;2025-01-29 20:28;21596.0;7;ENTRY;261.0
480;1;2025-01-30 16:54;21601.0;6;ENTRY;53.0
481;1;2025-02-06 15:40;21832.25;9;ENTRY;244.0
482;1;2025-02-06 15:40;21832.25;9;ENTRY;244.0
483;1;2025-02-07 14:01;21878.5;8;ENTRY;-22.0
483;2;2025-02-07 14:33;21942.5;8;ADD;
484;1;2025-02-07 14:01;21878.5;8;ENTRY;-22.0
484;2;2025-02-07 14:33;21942.5;8;ADD;
485;1;2025-02-13 14:01;21877.5;8;ENTRY;45.0
485;2;2025-02-13 14:34;21946.75;8;ADD;
486;1;2025-02-13 14:39;21897.5;8;ENTRY;30.0
487;1;2025-02-17 16:03;22247.0;13;ENTRY;2.0
488;1;2025-02-20 14:33;22208.0;11;ENTRY;219.0
489;1;2025-02-27 14:00;21319.25;6;ENTRY;-141.0
490;1;2025-03-04 16:50;20291.0;4;ENTRY;-51.0
490;2;2025-03-04 17:28;20410.25;4;ADD;
490;3;2025-03-04 19:02;20519.0;4;ADD;
491;1;2025-03-07 16:08;20026.0;5;ENTRY;380.0
492;1;2025-03-07 17:34;19915.0;4;ENTRY;-315.0
492;2;2025-03-07 17:46;20035.25;4;ADD;
492;3;2025-03-07 18:41;20148.75;4;ADD;
493;1;2025-03-07 18:10;20112.25;4;ENTRY;243.0
493;2;2025-03-07 19:21;20222.25;4;ADD;
494;1;2025-03-11 14:00;19530.0;4;ENTRY;357.0
495;1;2025-03-11 15:08;19449.0;4;ENTRY;23.0
496;1;2025-03-11 20:01;19392.0;3;ENTRY;-126.0
496;2;2025-03-12 08:57;19544.0;3;ADD;
496;3;2025-03-12 12:31;19750.25;3;ADD;
497;1;2025-03-12 14:01;19643.25;3;ENTRY;83.0
498;1;2025-03-12 15:08;19433.5;3;ENTRY;-124.0
498;2;2025-03-12 15:46;19590.0;3;ADD;
499;1;2025-03-13 20:03;19278.0;3;ENTRY;-184.0
499;2;2025-03-14 00:33;19406.0;3;ADD;
499;3;2025-03-14 13:35;19537.75;3;ADD;
500;1;2025-03-14 14:00;19556.25;3;ENTRY;309.0
500;2;2025-03-14 15:41;19688.75;3;ADD;
500;3;2025-03-16 22:01;19884.25;3;ADD;
501;1;2025-03-17 14:01;19998.5;5;ENTRY;-50.0
502;1;2025-03-17 14:01;19998.5;5;ENTRY;-50.0
503;1;2025-03-17 16:10;19940.0;6;ENTRY;209.0
504;1;2025-03-19 14:00;19828.25;7;ENTRY;-225.0
504;2;2025-03-19 14:10;19895.5;7;ADD;
505;1;2025-03-19 14:00;19828.25;7;ENTRY;-225.0
505;2;2025-03-19 14:10;19895.5;7;ADD;
506;1;2025-03-27 16:01;20048.0;7;ENTRY;-257.0
506;2;2025-03-27 16:17;20122.75;7;ADD;
507;1;2025-04-03 16:18;18958.0;3;ENTRY;40.0
508;1;2025-04-04 15:13;18073.0;3;ENTRY;371.0
509;1;2025-04-04 19:14;17698.0;2;ENTRY;-221.0
510;1;2025-04-04 19:34;17830.0;2;ENTRY;434.0
511;1;2025-04-09 14:00;17479.5;2;ENTRY;462.0
512;1;2025-04-09 14:00;17479.5;2;ENTRY;462.0
513;1;2025-04-09 14:00;17479.5;2;ENTRY;462.0
514;1;2025-04-10 18:27;18609.0;2;ENTRY;-41.0
515;1;2025-04-14 14:00;19067.25;2;ENTRY;-113.0
516;1;2025-04-14 14:00;19067.25;2;ENTRY;-113.0
517;1;2025-04-17 15:08;18417.0;4;ENTRY;151.0
518;1;2025-04-21 19:56;17907.0;5;ENTRY;-29.0
518;2;2025-04-21 23:58;17998.75;5;ADD;
518;3;2025-04-22 06:50;18089.5;5;ADD;
519;1;2025-05-05 14:05;20088.75;6;ENTRY;17.0
520;1;2025-05-07 16:49;19882.0;6;ENTRY;-110.0
521;1;2025-05-07 17:14;19922.0;6;ENTRY;89.0
522;1;2025-05-19 14:00;21357.25;7;ENTRY;-252.0
522;2;2025-05-19 14:07;21427.75;7;ADD;
522;3;2025-05-19 16:57;21496.5;7;ADD;
523;1;2025-05-19 14:00;21357.25;7;ENTRY;-252.0
523;2;2025-05-19 14:07;21427.75;7;ADD;
523;3;2025-05-19 16:57;21496.5;7;ADD;
524;1;2025-05-19 14:00;21357.25;7;ENTRY;-252.0
524;2;2025-05-19 14:07;21427.75;7;ADD;
524;3;2025-05-19 16:57;21496.5;7;ADD;
525;1;2025-05-22 14:13;21292.0;8;ENTRY;214.0
526;1;2025-05-22 14:13;21292.0;8;ENTRY;214.0
527;1;2025-05-28 20:23;21458.0;10;ENTRY;-70.0
527;2;2025-05-28 20:52;21507.75;10;ADD;
527;3;2025-05-28 22:50;21559.25;10;ADD;
528;1;2025-05-29 14:01;21517.5;10;ENTRY;309.0
529;1;2025-05-29 14:01;21517.5;10;ENTRY;309.0
530;1;2025-05-29 16:14;21397.0;6;ENTRY;-146.0
531;1;2025-05-29 17:03;21473.0;6;ENTRY;168.0
532;1;2025-05-29 18:01;21373.0;5;ENTRY;-69.0
533;1;2025-06-05 14:10;21724.5;10;ENTRY;-198.0
533;2;2025-06-05 14:26;21787.5;10;ADD;
534;1;2025-06-06 14:05;21821.0;6;ENTRY;8.0
535;1;2025-06-06 14:05;21821.0;6;ENTRY;8.0
536;1;2025-06-12 14:04;21861.0;8;ENTRY;-201.0
536;2;2025-06-12 14:16;21920.75;8;ADD;
537;1;2025-06-12 14:04;21861.0;8;ENTRY;-201.0
537;2;2025-06-12 14:16;21920.75;8;ADD;
538;1;2025-06-12 14:04;21861.0;8;ENTRY;-201.0
538;2;2025-06-12 14:24;21924.25;8;ADD;
539;1;2025-06-12 14:04;21861.0;8;ENTRY;-201.0
539;2;2025-06-12 14:24;21924.25;8;ADD;
540;1;2025-06-13 14:09;21730.5;6;ENTRY;209.0
541;1;2025-06-13 14:09;21730.5;6;ENTRY;209.0
542;1;2025-06-18 18:03;22042.25;9;ENTRY;72.0
543;1;2025-06-18 19:14;21980.0;7;ENTRY;210.0
544;1;2025-06-20 14:00;22025.25;8;ENTRY;115.0
545;1;2025-06-20 14:00;22025.25;8;ENTRY;115.0
546;1;2025-06-23 17:13;21946.25;6;ENTRY;-195.0
546;2;2025-06-23 17:29;22024.75;6;ADD;
546;3;2025-06-23 22:04;22147.5;6;ADD;
547;1;2025-06-25 20:02;22479.0;10;ENTRY;31.0
547;2;2025-06-26 06:46;22529.25;10;ADD;
547;3;2025-06-26 08:26;22576.5;10;ADD;
548;1;2025-06-27 14:00;22764.5;14;ENTRY;-151.0
548;2;2025-06-27 14:09;22806.0;14;ADD;
549;1;2025-06-27 17:45;22776.0;14;ENTRY;160.0
550;1;2025-06-27 19:51;22723.0;10;ENTRY;-72.0
551;1;2025-07-02 14:00;22715.25;10;ENTRY;-163.0
551;2;2025-07-02 14:17;22761.75;10;ADD;
551;3;2025-07-02 14:41;22807.75;10;ADD;
552;1;2025-07-02 14:00;22715.25;10;ENTRY;-163.0
552;2;2025-07-02 14:17;22761.75;10;ADD;
552;3;2025-07-02 14:41;22807.75;10;ADD;
553;1;2025-07-07 15:32;22929.0;11;ENTRY;92.0
554;1;2025-07-07 17:20;22898.0;11;ENTRY;61.0
555;1;2025-07-07 17:31;22920.0;11;ENTRY;245.0
556;1;2025-07-09 18:08;23019.0;11;ENTRY;18.0
556;2;2025-07-09 22:26;23064.5;11;ADD;
557;1;2025-07-11 14:03;22963.25;10;ENTRY;-57.0
558;1;2025-07-11 14:03;22963.25;10;ENTRY;-57.0
559;1;2025-07-15 14:00;23140.0;10;ENTRY;-197.0
559;2;2025-07-15 14:15;23189.25;10;ADD;
560;1;2025-07-15 14:01;23147.0;10;ENTRY;-194.0
560;2;2025-07-15 14:16;23195.5;10;ADD;
561;1;2025-07-15 17:03;23131.0;9;ENTRY;108.0
562;1;2025-07-15 19:01;23094.25;8;ENTRY;-11.0
563;1;2025-07-18 17:01;23189.0;12;ENTRY;-44.0
563;2;2025-07-18 19:21;23229.25;12;ADD;
564;1;2025-07-18 19:22;23232.0;12;ENTRY;103.0
565;1;2025-07-21 16:13;23373.5;16;ENTRY;1.0
565;2;2025-07-21 16:55;23406.75;16;ADD;
566;1;2025-07-21 16:13;23373.5;16;ENTRY;1.0
566;2;2025-07-21 16:55;23406.75;16;ADD;
567;1;2025-07-31 14:00;23688.5;14;ENTRY;71.0
568;1;2025-07-31 14:00;23688.5;14;ENTRY;71.0
569;1;2025-08-05 14:01;23374.5;9;ENTRY;267.0
570;1;2025-08-05 19:24;23168.0;7;ENTRY;59.0
571;1;2025-08-06 14:00;23227.5;7;ENTRY;33.0
571;2;2025-08-06 15:15;23295.0;7;ADD;
571;3;2025-08-06 15:52;23368.0;7;ADD;
572;1;2025-08-06 14:00;23227.5;7;ENTRY;33.0
572;2;2025-08-06 15:15;23295.0;7;ADD;
572;3;2025-08-06 15:52;23368.0;7;ADD;
573;1;2025-08-11 14:01;23744.75;12;ENTRY;-29.0
573;2;2025-08-11 16:09;23789.5;12;ADD;
574;1;2025-08-14 20:00;23940.0;14;ENTRY;279.0
575;1;2025-08-26 17:55;23498.0;11;ENTRY;-82.0
575;2;2025-08-26 18:31;23544.25;11;ADD;
575;3;2025-08-26 19:53;23591.25;11;ADD;
576;1;2025-09-02 14:00;23234.75;10;ENTRY;105.0
577;1;2025-09-02 14:03;23246.0;10;ENTRY;60.0
578;1;2025-09-02 15:01;23162.25;7;ENTRY;172.0
579;1;2025-09-02 15:01;23178.0;7;ENTRY;235.0
580;1;2025-09-02 17:37;23195.0;7;ENTRY;-73.0
580;2;2025-09-02 19:51;23268.0;7;ADD;
580;3;2025-09-02 20:10;23364.0;7;ADD;
581;1;2025-09-03 17:44;23398.75;7;ENTRY;145.0
582;1;2025-09-10 16:08;23937.0;15;ENTRY;110.0
583;1;2025-09-15 14:03;24498.25;13;ENTRY;62.0
583;2;2025-09-15 19:58;24543.25;13;ADD;
583;3;2025-09-16 03:33;24583.0;13;ADD;
584;1;2025-09-15 14:03;24498.25;13;ENTRY;62.0
584;2;2025-09-15 19:58;24543.25;13;ADD;
584;3;2025-09-16 03:33;24583.0;13;ADD;
585;1;2025-09-16 17:03;24533.0;14;ENTRY;-20.0
586;1;2025-09-17 18:01;24508.0;16;ENTRY;671.0
587;1;2025-09-17 18:01;24472.0;15;ENTRY;527.0
587;2;2025-09-17 18:04;24508.0;15;ADD;
588;1;2025-09-17 19:01;24392.25;13;ENTRY;-261.0
588;2;2025-09-17 19:02;24450.75;13;ADD;
588;3;2025-09-17 19:09;24500.75;13;ADD;
589;1;2025-09-17 19:02;24433.0;13;ENTRY;-159.0
589;2;2025-09-17 19:07;24477.25;13;ADD;
590;1;2025-09-23 19:01;24790.75;12;ENTRY;-46.0
590;2;2025-09-23 19:46;24834.5;12;ADD;
590;3;2025-09-24 06:18;24878.75;12;ADD;
591;1;2025-09-24 14:33;24823.0;12;ENTRY;11.0
592;1;2025-09-26 16:25;24667.0;8;ENTRY;37.0
592;2;2025-09-26 18:42;24731.5;8;ADD;
593;1;2025-09-26 17:11;24706.0;8;ENTRY;21.0
594;1;2025-10-07 14:03;25240.75;11;ENTRY;2.0
595;1;2025-10-07 14:03;25240.75;11;ENTRY;2.0
596;1;2025-10-09 17:10;25228.0;10;ENTRY;152.0
597;1;2025-10-09 19:39;25274.0;10;ENTRY;-40.0
597;2;2025-10-09 22:45;25320.25;10;ADD;
598;1;2025-10-10 14:00;25362.0;12;ENTRY;134.0
599;1;2025-10-10 14:00;25362.0;12;ENTRY;134.0
600;1;2025-10-10 17:01;24670.0;6;ENTRY;120.0
601;1;2025-10-13 15:09;24782.0;4;ENTRY;-399.0
601;2;2025-10-13 15:32;24892.25;4;ADD;
601;3;2025-10-14 00:28;24994.25;4;ADD;
602;1;2025-10-13 15:21;24877.0;4;ENTRY;-23.0
602;2;2025-10-14 00:22;24981.25;4;ADD;
603;1;2025-10-15 14:00;25021.5;4;ENTRY;-229.0
604;1;2025-10-15 14:00;25021.5;4;ENTRY;-229.0
605;1;2025-10-22 17:02;25003.0;7;ENTRY;318.0
606;1;2025-10-22 18:22;24914.0;6;ENTRY;-25.0
606;2;2025-10-22 19:09;24991.0;6;ADD;
606;3;2025-10-22 20:09;25073.25;6;ADD;
607;1;2025-10-22 19:39;25051.0;6;ENTRY;85.0
608;1;2025-10-23 14:01;25160.75;7;ENTRY;81.0
609;1;2025-10-23 14:01;25160.75;7;ENTRY;81.0
610;1;2025-10-29 15:01;26264.0;12;ENTRY;96.0
611;1;2025-10-29 18:01;26287.0;12;ENTRY;262.0
612;1;2025-10-29 19:26;26239.0;11;ENTRY;162.0
613;1;2025-10-29 19:51;26266.0;11;ENTRY;108.0
613;2;2025-10-29 20:01;26314.75;11;ADD;
614;1;2025-10-30 15:01;26016.25;5;ENTRY;-145.0
615;1;2025-10-30 20:02;25980.0;5;ENTRY;-145.0
615;2;2025-10-30 20:38;26075.5;5;ADD;
615;3;2025-10-30 22:01;26179.75;5;ADD;
616;1;2025-10-30 20:17;26016.0;5;ENTRY;29.0
617;1;2025-10-30 20:48;26143.0;5;ENTRY;-25.0
617;2;2025-10-31 12:04;26232.5;5;ADD;
618;1;2025-10-31 14:01;26103.5;5;ENTRY;33.0
619;1;2025-10-31 14:01;26103.5;5;ENTRY;33.0
620;1;2025-10-31 19:22;26062.0;6;ENTRY;-147.0
621;1;2025-10-31 19:29;26093.0;6;ENTRY;-0.0
622;1;2025-11-05 14:00;25590.5;6;ENTRY;85.0
623;1;2025-11-05 14:00;25590.5;6;ENTRY;85.0
624;1;2025-11-05 14:00;25590.5;5;ENTRY;85.0
625;1;2025-11-05 14:00;25590.5;5;ENTRY;85.0
626;1;2025-11-07 18:26;24919.0;5;ENTRY;-112.0
626;2;2025-11-07 19:39;25022.0;5;ADD;
626;3;2025-11-07 20:45;25131.25;5;ADD;
627;1;2025-11-07 19:41;25054.0;5;ENTRY;-80.0
627;2;2025-11-07 20:59;25166.75;5;ADD;
627;3;2025-11-09 23:01;25351.75;5;ADD;
628;1;2025-11-10 17:09;25573.0;6;ENTRY;100.0
628;2;2025-11-10 18:19;25655.75;6;ADD;
628;3;2025-11-10 20:47;25743.5;6;ADD;
629;1;2025-11-11 17:22;25595.0;8;ENTRY;108.0
629;2;2025-11-11 18:20;25657.5;8;ADD;
629;3;2025-11-12 01:44;25721.0;8;ADD;
630;1;2025-11-17 16:02;25084.25;4;ENTRY;532.0
631;1;2025-11-17 18:11;25008.0;4;ENTRY;74.0
632;1;2025-11-18 17:44;24719.0;4;ENTRY;-233.0
633;1;2025-11-18 18:21;24767.0;4;ENTRY;23.0
634;1;2025-11-18 18:21;24767.0;4;ENTRY;23.0
635;1;2025-11-21 14:02;24236.5;3;ENTRY;44.0
636;1;2025-11-21 14:02;24236.5;3;ENTRY;44.0
637;1;2025-11-21 14:32;24250.0;3;ENTRY;553.0
638;1;2025-11-21 16:31;24181.0;3;ENTRY;-46.0
638;2;2025-11-21 16:59;24354.5;3;ADD;
638;3;2025-11-21 18:50;24510.0;3;ADD;
639;1;2025-11-21 16:49;24250.0;3;ENTRY;-366.0
639;2;2025-11-21 17:37;24403.75;3;ADD;
639;3;2025-11-21 19:21;24583.75;3;ADD;
640;1;2025-12-01 14:32;25287.0;9;ENTRY;-12.0
641;1;2025-12-01 14:40;25306.0;9;ENTRY;-160.0
642;1;2025-12-02 14:30;25498.5;7;ENTRY;-388.0
642;2;2025-12-02 14:37;25585.75;7;ADD;
642;3;2025-12-02 15:51;25661.75;7;ADD;
643;1;2025-12-02 14:30;25498.5;7;ENTRY;-388.0
643;2;2025-12-02 14:37;25585.75;7;ADD;
643;3;2025-12-02 15:51;25661.75;7;ADD;
644;1;2025-12-03 18:46;25652.25;9;ENTRY;64.0
644;2;2025-12-04 14:09;25708.25;9;ADD;
645;1;2025-12-03 20:55;25667.75;9;ENTRY;77.0
646;1;2025-12-04 15:43;25633.0;10;ENTRY;250.0
647;1;2025-12-08 19:35;25612.0;8;ENTRY;16.0
647;2;2025-12-08 21:00;25668.25;8;ADD;
647;3;2025-12-08 23:55;25725.5;8;ADD;
648;1;2025-12-09 14:07;25615.75;8;ENTRY;22.0
648;2;2025-12-09 15:44;25676.5;8;ADD;
648;3;2025-12-09 18:54;25732.5;8;ADD;
649;1;2025-12-09 14:41;25645.0;8;ENTRY;120.0
649;2;2025-12-09 16:17;25704.25;8;ADD;
650;1;2025-12-10 17:56;25673.0;10;ENTRY;70.0
651;1;2025-12-10 19:02;25707.0;12;ENTRY;-109.0
652;1;2025-12-10 19:41;25732.75;12;ENTRY;-248.0
653;1;2025-12-10 19:41;25732.75;10;ENTRY;-248.0
654;1;2025-12-11 17:26;25635.0;7;ENTRY;-11.0
654;2;2025-12-11 19:36;25706.0;7;ADD;
654;3;2025-12-11 21:16;25820.0;7;ADD;
