id;zone_trend;level;level_px;qty;atr;n_units;entry_time;avg_entry;exit_time;exit_px;reason;net_dollar;cost_dollar;mfe_t;mae_t;regime;min_latent_d
1;2022-12-23;VAH;11045.0;8;62.5;1;2022-12-23 15:31;11040.5;2022-12-23 15:41;11103.0;TP;10000.0;0.0;248.0;13.0;both;0.0
2;2022-12-30;VAL;10960.0;9;51.75;2;2022-12-30 14:35;10900.5;2022-12-30 15:48;10952.25;TP;18630.0;0.0;44.0;325.0;both;-13050.0
3;2022-12-30;VAH;10974.0;9;51.75;2;2022-12-30 14:35;10900.5;2022-12-30 15:48;10952.25;TP;18630.0;0.0;44.0;325.0;both;-13050.0
4;2023-01-09;VAH;11196.0;10;47.0;3;2023-01-09 20:33;11147.67;2023-01-10 14:33;11194.67;TP;28200.0;0.0;80.0;408.0;both;-30100.0
5;2023-01-13;VAH;11461.0;12;39.0;1;2023-01-13 16:47;11461.0;2023-01-13 17:14;11500.0;TP;9360.0;0.0;143.0;28.0;both;0.0
6;2023-01-17;VAH;11582.0;15;32.5;1;2023-01-17 16:08;11582.0;2023-01-17 16:41;11614.5;TP;9750.0;0.0;128.0;109.0;both;-6975.0
7;2023-01-17;VAL;11557.0;15;32.5;1;2023-01-17 16:15;11557.0;2023-01-17 16:31;11589.5;TP;9750.0;0.0;118.0;3.0;both;0.0
8;2023-01-20;VAH;11442.0;11;44.0;1;2023-01-20 15:01;11442.0;2023-01-20 15:23;11486.0;TP;9680.0;0.0;163.0;72.0;both;-1210.0
9;2023-01-23;VAH;11884.0;11;42.25;1;2023-01-23 19:46;11884.0;2023-01-23 20:51;11926.25;TP;9295.0;0.0;151.0;91.0;both;-4290.0
10;2023-01-23;VAL;11891.0;11;43.25;1;2023-01-24 14:35;11876.5;2023-01-24 14:48;11919.75;TP;9515.0;0.0;148.0;124.0;both;-3630.0
11;2023-01-23;VAH;11962.0;11;43.25;1;2023-01-24 14:35;11876.5;2023-01-24 14:48;11919.75;TP;9515.0;0.0;148.0;124.0;both;-3630.0
12;2023-01-24;VAH;11874.0;11;43.25;1;2023-01-24 15:01;11874.0;2023-01-24 15:16;11917.25;TP;9515.0;0.0;132.0;143.0;both;-7150.0
13;2023-01-24;VAL;11882.0;9;55.0;2;2023-01-25 14:41;11668.25;2023-01-25 16:20;11723.25;TP;19800.0;0.0;100.0;378.0;both;-22500.0
14;2023-01-24;VAH;11922.0;9;55.0;2;2023-01-25 14:41;11668.25;2023-01-25 16:20;11723.25;TP;19800.0;0.0;100.0;378.0;both;-22500.0
15;2023-01-26;VAH;12022.0;9;52.75;1;2023-01-26 17:11;12001.25;2023-01-26 19:23;12054.0;TP;9495.0;0.0;204.0;125.0;both;-4545.0
16;2023-02-02;VAH;12838.0;8;62.25;2;2023-02-02 19:16;12800.38;2023-02-02 21:02;12862.62;TP;19920.0;0.0;73.0;588.0;both;-31240.0
17;2023-02-02;VAL;12798.0;8;62.25;2;2023-02-02 19:32;12763.38;2023-02-02 20:57;12825.62;TP;19920.0;0.0;102.0;428.0;both;-19400.0
18;2023-02-02;VAH;12726.0;8;62.25;1;2023-02-02 19:59;12726.0;2023-02-02 20:22;12788.25;TP;9960.0;0.0;234.0;140.0;both;-3720.0
19;2023-02-02;VAL;12798.0;6;79.0;1;2023-02-03 14:35;12608.5;2023-02-03 14:41;12687.5;TP;9480.0;0.0;240.0;49.0;both;0.0
20;2023-02-02;VAH;12838.0;6;79.0;1;2023-02-03 14:35;12608.5;2023-02-03 14:41;12687.5;TP;9480.0;0.0;240.0;49.0;both;0.0
21;2023-02-02;VAL;12716.0;6;79.0;1;2023-02-03 14:35;12608.5;2023-02-03 14:41;12687.5;TP;9480.0;0.0;240.0;49.0;both;0.0
22;2023-02-02;VAH;12846.0;6;79.0;1;2023-02-03 14:35;12608.5;2023-02-03 14:41;12687.5;TP;9480.0;0.0;240.0;49.0;both;0.0
23;2023-02-03;VAH;12690.0;6;79.0;2;2023-02-03 18:09;12639.62;2023-02-05 23:01;12580.25;Expired;-14250.0;0.0;123.0;446.0;both;-14250.0
24;2023-02-03;VAH;12665.0;6;79.0;2;2023-02-03 18:31;12624.62;2023-02-05 23:01;12580.25;Expired;-10650.0;0.0;149.0;346.0;both;-10650.0
25;2023-02-03;VAL;12580.0;6;79.0;1;2023-02-03 20:04;12580.0;2023-02-05 23:01;12580.25;Expired;30.0;0.0;301.0;6.0;both;0.0
26;2023-02-07;VAH;12595.0;17;28.75;1;2023-02-07 18:17;12595.0;2023-02-07 18:18;12623.75;TP;9775.0;0.0;123.0;47.0;both;0.0
27;2023-02-07;VAL;12552.0;17;28.75;3;2023-02-07 18:30;12508.33;2023-02-07 18:35;12462.0;Emergency;-47260.0;0.0;140.0;314.0;both;-47260.0
28;2023-02-07;VAH;12525.0;17;28.75;2;2023-02-07 18:32;12487.0;2023-02-07 18:41;12515.75;TP;19550.0;0.0;107.0;211.0;both;-17000.0
29;2023-02-07;VAH;12709.0;10;49.5;3;2023-02-08 14:36;12642.58;2023-02-08 16:15;12570.25;Emergency;-43400.0;0.0;172.0;566.0;both;-43400.0
30;2023-02-13;VAH;12422.0;11;44.25;1;2023-02-13 15:13;12422.0;2023-02-13 15:36;12466.25;TP;9735.0;0.0;171.0;24.0;both;0.0
31;2023-02-14;VAH;12596.0;5;88.5;2;2023-02-14 15:01;12540.5;2023-02-14 19:37;12629.0;TP;17700.0;0.0;350.0;674.0;both;-24500.0
32;2023-02-16;VAH;12568.0;11;42.25;3;2023-02-16 20:17;12522.67;2023-02-16 21:26;12461.75;Emergency;-40205.0;0.0;82.0;429.0;both;-40205.0
33;2023-02-21;VAH;12301.0;15;31.75;1;2023-02-21 14:35;12246.75;2023-02-21 14:42;12278.5;TP;9525.0;0.0;111.0;30.0;both;0.0
34;2023-02-23;VAL;12059.0;12;39.25;3;2023-02-24 14:35;11977.67;2023-02-24 16:51;12016.92;TP;28260.0;0.0;97.0;383.0;both;-37740.0
35;2023-02-23;VAH;12103.0;12;39.25;3;2023-02-24 14:35;11977.67;2023-02-24 16:51;12016.92;TP;28260.0;0.0;97.0;383.0;both;-37740.0
36;2023-02-28;VAH;12109.0;28;17.25;3;2023-02-28 20:07;12090.58;2023-02-28 21:00;12064.5;Emergency;-43820.0;0.0;50.0;162.0;both;-43820.0
37;2023-03-03;VAH;12225.0;18;27.5;1;2023-03-03 17:01;12223.0;2023-03-03 17:55;12250.5;TP;9900.0;0.0;102.0;29.0;both;-2250.0
38;2023-03-06;VAH;12381.0;14;34.5;2;2023-03-06 18:10;12362.38;2023-03-07 14:11;12330.75;Expired;-17710.0;0.0;103.0;275.0;both;-27370.0
39;2023-03-08;VAH;12220.0;14;34.25;2;2023-03-08 17:08;12198.0;2023-03-08 20:46;12232.25;TP;19180.0;0.0;37.0;312.0;both;-30240.0
40;2023-03-09;VAH;12241.0;12;39.0;3;2023-03-09 17:45;12201.5;2023-03-09 18:38;12145.75;Emergency;-40140.0;0.0;40.0;385.0;both;-40140.0
41;2023-03-23;VAH;12886.0;21;23.25;3;2023-03-23 18:05;12858.58;2023-03-23 18:30;12813.75;Emergency;-56490.0;0.0;50.0;242.0;both;-56490.0
42;2023-03-23;VAL;12858.0;21;23.25;1;2023-03-23 19:51;12854.25;2023-03-23 19:52;12877.5;TP;9765.0;0.0;233.0;0.0;both;0.0
43;2023-03-23;VAH;12855.0;18;27.75;1;2023-03-24 15:47;12799.25;2023-03-24 15:48;12827.0;TP;9990.0;0.0;116.0;0.0;both;0.0
44;2023-03-28;VAH;12705.0;9;52.0;2;2023-03-28 16:05;12679.0;2023-03-28 19:53;12731.0;TP;18720.0;0.0;79.0;283.0;both;-15570.0
45;2023-03-28;VAH;12694.0;9;52.0;1;2023-03-28 19:01;12682.75;2023-03-28 20:00;12734.75;TP;9360.0;0.0;195.0;24.0;both;-630.0
46;2023-03-29;VAH;12925.0;48;10.25;2;2023-03-29 16:01;12911.0;2023-03-29 16:15;12921.25;TP;19680.0;0.0;15.0;72.0;both;-20160.0
47;2023-03-29;VAH;12937.0;48;10.25;1;2023-03-29 19:02;12937.0;2023-03-29 19:04;12947.25;TP;9840.0;0.0;80.0;11.0;both;-240.0
48;2023-04-06;VAH;13056.0;21;22.75;2;2023-04-06 14:35;13025.5;2023-04-06 15:05;13048.25;TP;19110.0;0.0;44.0;125.0;both;-11340.0
49;2023-04-06;VAL;13028.0;21;22.75;1;2023-04-06 14:38;13028.0;2023-04-06 15:06;13050.75;TP;9555.0;0.0;90.0;81.0;both;-6720.0
50;2023-04-10;VAH;13024.0;23;21.25;1;2023-04-10 15:01;13018.25;2023-04-10 15:04;13039.5;TP;9775.0;0.0;80.0;0.0;both;0.0
51;2023-04-10;VAH;13040.0;23;21.25;2;2023-04-10 16:03;13029.25;2023-04-10 16:28;13050.5;TP;19550.0;0.0;28.0;103.0;both;-9890.0
52;2023-04-12;VAH;13078.0;12;41.25;2;2023-04-12 14:35;13046.5;2023-04-12 16:10;13087.75;TP;19800.0;0.0;44.0;409.0;both;-32280.0
53;2023-04-12;VAL;13064.0;12;41.25;2;2023-04-12 14:49;13039.5;2023-04-12 16:02;13080.75;TP;19800.0;0.0;58.0;353.0;both;-28920.0
54;2023-04-12;VAH;13121.0;12;41.25;3;2023-04-12 16:01;13026.83;2023-04-12 19:16;12959.25;Emergency;-48660.0;0.0;149.0;407.0;both;-48660.0
55;2023-04-12;VAL;13058.0;12;41.25;3;2023-04-12 18:13;13007.83;2023-04-12 19:27;12950.5;Emergency;-41280.0;0.0;140.0;409.0;both;-41280.0
56;2023-04-18;VAL;13159.0;35;14.0;1;2023-04-19 14:35;13118.5;2023-04-19 14:40;13132.5;TP;9800.0;0.0;41.0;20.0;both;-700.0
57;2023-04-18;VAH;13192.0;35;14.0;1;2023-04-19 14:35;13118.5;2023-04-19 14:40;13132.5;TP;9800.0;0.0;41.0;20.0;both;-700.0
58;2023-04-21;VAH;13068.0;36;13.75;1;2023-04-21 16:11;13068.0;2023-04-21 16:16;13081.75;TP;9900.0;0.0;52.0;21.0;both;-900.0
59;2023-04-28;VAH;13283.0;18;27.0;1;2023-04-28 16:01;13255.0;2023-04-28 16:59;13282.0;TP;9720.0;0.0;106.0;77.0;both;-6120.0
60;2023-05-03;VAL;13210.0;23;21.0;1;2023-05-03 18:01;13210.0;2023-05-03 18:02;13231.0;TP;9660.0;0.0;256.0;44.0;both;0.0
61;2023-05-03;VAH;13226.0;23;21.0;1;2023-05-03 18:01;13223.25;2023-05-03 18:02;13244.25;TP;9660.0;0.0;203.0;97.0;both;0.0
62;2023-05-10;VAH;13431.0;24;20.5;1;2023-05-10 18:43;13368.5;2023-05-10 18:44;13389.0;TP;9840.0;0.0;65.0;0.0;both;0.0
63;2023-05-11;VAH;13455.0;12;39.75;2;2023-05-11 19:06;13434.12;2023-05-12 15:07;13422.0;Expired;-5820.0;0.0;157.0;291.0;both;-22740.0
64;2023-05-16;VAH;13508.0;17;28.25;1;2023-05-16 15:38;13508.0;2023-05-16 15:53;13536.25;TP;9605.0;0.0;103.0;26.0;both;-1105.0
65;2023-05-17;VAH;13538.0;50;10.0;2;2023-05-17 15:01;13530.0;2023-05-17 15:18;13540.0;TP;20000.0;0.0;31.0;42.0;both;-10000.0
66;2023-05-17;VAL;13509.0;50;10.0;1;2023-05-17 15:23;13509.0;2023-05-17 15:24;13519.0;TP;10000.0;0.0;77.0;12.0;both;0.0
67;2023-05-18;VAH;13792.0;24;20.75;1;2023-05-18 16:15;13792.0;2023-05-18 17:10;13812.75;TP;9960.0;0.0;77.0;70.0;both;-7320.0
68;2023-05-18;VAH;13826.0;24;20.75;1;2023-05-18 19:01;13815.25;2023-05-18 19:17;13836.0;TP;9960.0;0.0;72.0;37.0;both;-2400.0
69;2023-05-18;VAL;13910.0;45;11.0;3;2023-05-19 14:35;13886.25;2023-05-19 14:48;13870.75;Emergency;-41850.0;0.0;23.0;108.0;both;-41850.0
70;2023-05-18;VAH;13913.0;45;11.0;3;2023-05-19 14:35;13886.25;2023-05-19 14:48;13870.75;Emergency;-41850.0;0.0;23.0;108.0;both;-41850.0
71;2023-05-30;VAL;14492.0;12;41.0;1;2023-05-30 14:50;14435.75;2023-05-30 15:06;14476.75;TP;9840.0;0.0;162.0;1.0;both;0.0
72;2023-05-30;VAH;14501.0;12;41.0;1;2023-05-30 14:50;14435.75;2023-05-30 15:06;14476.75;TP;9840.0;0.0;162.0;1.0;both;0.0
73;2023-06-02;VAH;14627.0;17;28.75;2;2023-06-02 15:01;14570.12;2023-06-02 16:48;14598.88;TP;19550.0;0.0;76.0;132.0;both;-10965.0
74;2023-06-05;VAH;14634.0;21;23.75;3;2023-06-05 17:38;14607.75;2023-06-05 18:34;14566.75;Emergency;-51660.0;0.0;54.0;240.0;both;-51660.0
75;2023-06-06;VAH;14551.0;31;15.75;1;2023-06-06 15:27;14545.25;2023-06-06 15:28;14561.0;TP;9765.0;0.0;56.0;21.0;both;0.0
76;2023-06-06;VAH;14577.0;31;15.75;1;2023-06-06 19:37;14577.0;2023-06-06 19:56;14592.75;TP;9765.0;0.0;44.0;67.0;both;-7595.0
77;2023-06-08;VAH;14426.0;26;18.75;1;2023-06-08 17:46;14426.0;2023-06-08 17:53;14444.75;TP;9750.0;0.0;63.0;20.0;both;-260.0
78;2023-06-22;VAH;15142.0;25;19.25;2;2023-06-22 16:02;15129.12;2023-06-22 16:37;15148.38;TP;19250.0;0.0;23.0;125.0;both;-14125.0
79;2023-06-23;VAH;15063.0;16;30.5;1;2023-06-23 18:46;15063.0;2023-06-25 22:01;15055.0;Expired;-2560.0;0.0;98.0;131.0;both;-9200.0
80;2023-06-28;VAH;15088.0;13;37.5;1;2023-06-28 16:47;15082.0;2023-06-28 17:28;15119.5;TP;9750.0;0.0;148.0;93.0;both;-3640.0
81;2023-06-29;VAH;15081.0;12;40.5;2;2023-06-29 17:00;15060.62;2023-06-29 19:52;15101.12;TP;19440.0;0.0;93.0;176.0;both;-9780.0
82;2023-06-30;VAH;15337.0;27;18.25;1;2023-06-30 18:48;15337.0;2023-06-30 18:52;15355.25;TP;9855.0;0.0;60.0;12.0;both;0.0
83;2023-07-05;VAH;15396.0;35;14.0;3;2023-07-05 15:11;15377.83;2023-07-05 15:36;15358.75;Emergency;-40075.0;0.0;45.0;157.0;both;-40075.0
84;2023-07-07;VAH;15277.0;14;35.0;1;2023-07-07 15:57;15268.75;2023-07-07 16:12;15303.75;TP;9800.0;0.0;138.0;1.0;both;0.0
85;2023-07-10;VAL;15145.0;16;31.25;1;2023-07-10 15:01;15145.0;2023-07-10 15:34;15176.25;TP;10000.0;0.0;98.0;97.0;both;-5520.0
86;2023-07-10;VAH;15215.0;16;31.25;3;2023-07-10 15:01;15112.17;2023-07-10 16:11;15068.0;Emergency;-42400.0;0.0;115.0;309.0;both;-42400.0
87;2023-07-11;VAH;15206.0;26;19.0;1;2023-07-11 15:01;15196.0;2023-07-11 15:05;15215.0;TP;9880.0;0.0;74.0;13.0;both;0.0
88;2023-07-12;VAH;15477.0;22;22.0;2;2023-07-12 18:27;15455.88;2023-07-12 22:40;15477.88;TP;19360.0;0.0;35.0;192.0;both;-28710.0
89;2023-07-18;VAH;15950.0;21;23.5;1;2023-07-18 20:11;15950.0;2023-07-19 06:04;15973.5;TP;9870.0;0.0;84.0;20.0;both;-735.0
90;2023-07-21;VAL;15655.0;14;34.75;2;2023-07-21 15:12;15603.38;2023-07-21 17:35;15638.12;TP;19460.0;0.0;81.0;269.0;both;-24430.0
91;2023-07-21;VAH;15669.0;14;34.75;2;2023-07-21 15:12;15603.38;2023-07-21 17:35;15638.12;TP;19460.0;0.0;81.0;269.0;both;-24430.0
92;2023-07-24;VAH;15548.0;16;30.25;1;2023-07-24 14:40;15548.0;2023-07-24 15:13;15578.25;TP;9680.0;0.0;105.0;52.0;both;-2240.0
93;2023-07-24;VAH;15619.0;16;30.25;1;2023-07-24 15:01;15563.25;2023-07-24 15:18;15593.5;TP;9680.0;0.0;115.0;113.0;both;-7120.0
94;2023-07-24;VAL;15547.0;16;30.25;1;2023-07-24 15:03;15547.0;2023-07-24 15:13;15577.25;TP;9680.0;0.0;57.0;48.0;both;-1920.0
95;2023-07-24;VAL;15532.0;16;30.25;1;2023-07-24 15:37;15532.0;2023-07-24 16:00;15562.25;TP;9680.0;0.0;120.0;54.0;both;-1600.0
96;2023-07-25;VAH;15617.0;18;26.75;1;2023-07-25 20:02;15617.0;2023-07-25 20:03;15643.75;TP;9630.0;0.0;221.0;28.0;both;0.0
97;2023-07-25;VAH;15648.0;18;26.75;1;2023-07-25 20:02;15648.0;2023-07-25 20:03;15674.75;TP;9630.0;0.0;97.0;152.0;both;0.0
98;2023-07-26;VAH;15632.0;29;17.0;1;2023-07-26 18:40;15626.5;2023-07-26 18:41;15643.5;TP;9860.0;0.0;156.0;0.0;both;0.0
99;2023-07-28;VAH;15825.0;12;39.25;2;2023-07-28 17:22;15803.5;2023-07-28 18:02;15842.75;TP;18840.0;0.0;74.0;202.0;both;-10320.0
100;2023-07-28;VAL;15798.0;12;39.25;1;2023-07-28 17:52;15796.75;2023-07-28 18:00;15836.0;TP;9420.0;0.0;155.0;8.0;both;0.0
101;2023-07-31;VAH;15892.0;13;37.25;2;2023-07-31 15:01;15840.0;2023-07-31 22:11;15877.25;TP;19370.0;0.0;76.0;242.0;both;-18850.0
102;2023-07-31;VAL;15853.0;13;37.25;2;2023-07-31 15:25;15834.0;2023-07-31 20:11;15871.25;TP;19370.0;0.0;72.0;211.0;both;-15730.0
103;2023-08-03;VAH;15479.0;16;31.0;2;2023-08-03 17:36;15463.0;2023-08-03 20:02;15494.0;TP;19840.0;0.0;56.0;273.0;both;-29280.0
104;2023-08-03;VAL;15445.0;16;31.0;1;2023-08-03 18:02;15445.0;2023-08-03 18:24;15476.0;TP;9920.0;0.0;114.0;26.0;both;-160.0
105;2023-08-04;VAH;15488.0;9;53.0;1;2023-08-04 14:43;15488.0;2023-08-04 15:07;15541.0;TP;9540.0;0.0;200.0;12.0;both;0.0
106;2023-08-04;VAH;15572.0;9;53.0;1;2023-08-04 15:01;15519.0;2023-08-04 15:48;15572.0;TP;9540.0;0.0;204.0;31.0;both;0.0
107;2023-08-04;VAL;15496.0;9;53.0;3;2023-08-04 18:02;15437.83;2023-08-04 18:56;15361.5;Emergency;-41220.0;0.0;59.0;495.0;both;-41220.0
108;2023-08-10;VAL;15183.0;17;28.75;1;2023-08-11 14:35;15130.75;2023-08-11 14:41;15159.5;TP;9775.0;0.0;89.0;53.0;both;-2295.0
109;2023-08-10;VAH;15228.0;17;28.75;1;2023-08-11 14:35;15130.75;2023-08-11 14:41;15159.5;TP;9775.0;0.0;89.0;53.0;both;-2295.0
110;2023-08-11;VAH;15090.0;17;28.75;1;2023-08-11 19:11;15090.0;2023-08-11 19:26;15118.75;TP;9775.0;0.0;105.0;23.0;both;0.0
111;2023-08-16;VAH;15106.0;32;15.5;1;2023-08-16 14:36;15105.5;2023-08-16 14:43;15121.0;TP;9920.0;0.0;58.0;35.0;both;-2560.0
112;2023-08-18;VAH;14674.0;23;21.25;1;2023-08-18 17:26;14674.0;2023-08-18 17:29;14695.25;TP;9775.0;0.0;75.0;28.0;both;0.0
113;2023-08-22;VAH;15002.0;12;40.0;1;2023-08-22 14:47;14992.5;2023-08-22 14:54;15032.5;TP;9600.0;0.0;118.0;2.0;both;0.0
114;2023-08-22;VAH;15067.0;12;40.0;3;2023-08-22 15:01;15005.92;2023-08-22 16:15;14944.5;Emergency;-44220.0;0.0;29.0;402.0;both;-44220.0
115;2023-08-22;VAL;15003.0;12;40.0;2;2023-08-22 15:41;14977.62;2023-08-23 01:34;15017.62;TP;19200.0;0.0;53.0;284.0;both;-21060.0
116;2023-08-23;VAH;15193.0;29;17.0;1;2023-08-23 18:37;15193.0;2023-08-23 18:56;15210.0;TP;9860.0;0.0;67.0;29.0;both;-2175.0
117;2023-09-01;VAL;15566.0;10;50.0;2;2023-09-01 14:39;15520.0;2023-09-03 22:01;15522.75;Expired;1100.0;0.0;65.0;376.0;both;-26000.0
118;2023-09-01;VAH;15576.0;10;50.0;2;2023-09-01 14:39;15520.0;2023-09-03 22:01;15522.75;Expired;1100.0;0.0;65.0;376.0;both;-26000.0
119;2023-09-07;VAH;15217.0;16;30.75;1;2023-09-07 15:52;15217.0;2023-09-07 16:18;15247.75;TP;9840.0;0.0;114.0;78.0;both;-5520.0
120;2023-09-18;VAH;15428.0;19;25.75;1;2023-09-18 16:13;15428.0;2023-09-18 16:28;15453.75;TP;9785.0;0.0;80.0;8.0;both;0.0
121;2023-09-19;VAL;15383.0;31;16.0;1;2023-09-19 17:05;15312.25;2023-09-19 17:19;15328.25;TP;9920.0;0.0;63.0;2.0;both;0.0
122;2023-09-19;VAH;15391.0;31;16.0;1;2023-09-19 17:05;15312.25;2023-09-19 17:19;15328.25;TP;9920.0;0.0;63.0;2.0;both;0.0
123;2023-09-19;VAH;15315.0;31;16.0;1;2023-09-19 17:05;15312.25;2023-09-19 17:19;15328.25;TP;9920.0;0.0;63.0;2.0;both;0.0
124;2023-09-22;VAH;14946.0;12;40.0;2;2023-09-22 17:25;14923.5;2023-09-22 19:20;14963.5;TP;19200.0;0.0;69.0;319.0;both;-26400.0
125;2023-09-25;VAH;14867.0;16;30.25;1;2023-09-25 16:54;14866.5;2023-09-25 17:07;14896.75;TP;9680.0;0.0;91.0;8.0;both;0.0
126;2023-09-25;VAL;14885.0;27;18.25;1;2023-09-26 14:40;14766.25;2023-09-26 14:44;14784.5;TP;9855.0;0.0;50.0;10.0;both;0.0
127;2023-09-25;VAH;14907.0;27;18.25;1;2023-09-26 14:40;14766.25;2023-09-26 14:44;14784.5;TP;9855.0;0.0;50.0;10.0;both;0.0
128;2023-10-10;VAH;15327.0;20;24.5;2;2023-10-10 17:05;15307.0;2023-10-11 11:05;15331.5;TP;19600.0;0.0;66.0;287.0;both;-32800.0
129;2023-10-10;VAL;15263.0;20;24.5;1;2023-10-10 17:16;15263.0;2023-10-10 17:21;15287.5;TP;9800.0;0.0;55.0;31.0;both;0.0
130;2023-10-12;VAH;15394.0;21;23.0;3;2023-10-12 17:04;15366.92;2023-10-12 17:15;15334.75;Emergency;-40530.0;0.0;37.0;213.0;both;-40530.0
131;2023-10-16;VAH;15245.0;14;34.0;1;2023-10-16 17:21;15245.0;2023-10-16 17:33;15279.0;TP;9520.0;0.0;169.0;132.0;both;-3640.0
132;2023-10-17;VAH;15231.0;29;16.75;1;2023-10-17 17:33;15231.0;2023-10-17 17:35;15247.75;TP;9715.0;0.0;76.0;3.0;both;0.0
133;2023-10-19;VAH;15044.0;16;30.75;1;2023-10-19 15:46;15044.0;2023-10-19 16:02;15074.75;TP;9840.0;0.0;103.0;161.0;both;-2160.0
134;2023-10-19;VAL;15027.0;16;30.75;1;2023-10-19 16:54;15022.0;2023-10-19 16:55;15052.75;TP;9840.0;0.0;132.0;0.0;both;0.0
135;2023-10-23;VAH;14765.0;12;39.75;2;2023-10-23 18:36;14743.5;2023-10-24 05:16;14783.25;TP;19080.0;0.0;143.0;263.0;both;-20760.0
136;2023-10-23;VAL;14719.0;12;39.75;1;2023-10-23 19:38;14719.0;2023-10-23 23:50;14758.75;TP;9540.0;0.0;150.0;79.0;both;-4500.0
137;2023-10-24;VAL;14741.0;12;40.25;1;2023-10-25 14:40;14639.25;2023-10-25 15:05;14679.5;TP;9660.0;0.0;157.0;82.0;both;-4140.0
138;2023-10-24;VAH;14790.0;12;40.25;1;2023-10-25 14:40;14639.25;2023-10-25 15:05;14679.5;TP;9660.0;0.0;157.0;82.0;both;-4140.0
139;2023-10-26;VAL;14314.0;12;39.25;1;2023-10-26 14:45;14304.5;2023-10-26 14:47;14343.75;TP;9420.0;0.0;103.0;7.0;both;0.0
140;2023-10-26;VAH;14330.0;12;39.25;1;2023-10-26 14:45;14304.5;2023-10-26 14:47;14343.75;TP;9420.0;0.0;103.0;7.0;both;0.0
141;2023-10-31;VAL;14353.0;20;24.5;1;2023-10-31 14:38;14353.0;2023-10-31 14:43;14377.5;TP;9800.0;0.0;73.0;36.0;both;-2000.0
142;2023-10-31;VAH;14363.0;20;24.5;1;2023-10-31 14:38;14363.0;2023-10-31 14:44;14387.5;TP;9800.0;0.0;83.0;76.0;both;-6000.0
143;2023-10-31;VAH;14394.0;20;24.5;1;2023-10-31 15:18;14394.0;2023-10-31 16:33;14418.5;TP;9800.0;0.0;90.0;111.0;both;-9200.0
144;2023-11-01;VAH;14570.0;26;19.0;1;2023-11-01 16:41;14570.0;2023-11-01 16:54;14589.0;TP;9880.0;0.0;64.0;31.0;both;-2600.0
145;2023-11-13;VAH;15546.0;22;22.25;1;2023-11-13 17:12;15546.0;2023-11-13 18:43;15568.25;TP;9790.0;0.0;82.0;38.0;both;-3520.0
146;2023-11-14;VAH;15822.0;11;43.75;1;2023-11-14 19:09;15822.0;2023-11-14 19:32;15865.75;TP;9625.0;0.0;159.0;0.0;both;0.0
147;2023-11-20;VAL;16012.0;14;35.25;3;2023-11-21 14:36;15963.75;2023-11-21 20:03;15999.0;TP;29610.0;0.0;56.0;360.0;both;-34020.0
148;2023-11-20;VAH;16024.0;14;35.25;3;2023-11-21 14:36;15963.75;2023-11-21 20:03;15999.0;TP;29610.0;0.0;56.0;360.0;both;-34020.0
149;2023-11-22;VAH;16070.0;8;61.75;1;2023-11-22 17:34;16070.0;2023-11-23 13:35;16061.25;Expired;-1400.0;0.0;138.0;231.0;both;-8120.0
150;2023-11-27;VAH;15996.0;9;50.5;1;2023-11-27 14:40;15987.75;2023-11-27 15:10;16038.25;TP;9090.0;0.0;184.0;14.0;both;0.0
151;2023-11-27;VAH;16008.0;9;50.5;1;2023-11-27 16:07;16008.0;2023-11-27 16:57;16058.5;TP;9090.0;0.0;186.0;7.0;both;0.0
152;2023-11-28;VAH;16018.0;15;32.0;2;2023-11-28 17:31;16001.12;2023-11-28 20:51;16033.12;TP;19200.0;0.0;99.0;199.0;both;-16875.0
153;2023-11-28;VAH;15992.0;15;32.0;1;2023-11-28 18:03;15992.0;2023-11-28 19:55;16024.0;TP;9600.0;0.0;126.0;95.0;both;-5700.0
154;2023-11-29;VAL;16142.0;12;40.5;3;2023-11-29 15:07;16098.75;2023-11-29 16:32;16039.0;Emergency;-43020.0;0.0;38.0;411.0;both;-43020.0
155;2023-11-29;VAH;16154.0;12;40.5;3;2023-11-29 15:07;16099.08;2023-11-29 16:32;16039.0;Emergency;-43260.0;0.0;34.0;415.0;both;-43260.0
156;2023-12-01;VAL;15951.0;13;36.5;1;2023-12-01 14:44;15921.5;2023-12-01 15:03;15958.0;TP;9490.0;0.0;100.0;53.0;both;-2470.0
157;2023-12-01;VAH;15959.0;13;36.5;1;2023-12-01 14:44;15921.5;2023-12-01 15:03;15958.0;TP;9490.0;0.0;100.0;53.0;both;-2470.0
158;2023-12-05;VAH;15838.0;16;29.5;1;2023-12-05 16:55;15838.0;2023-12-05 17:00;15867.5;TP;9440.0;0.0;100.0;22.0;both;0.0
159;2023-12-07;VAH;15969.0;10;47.25;1;2023-12-07 16:15;15969.0;2023-12-07 16:40;16016.25;TP;9450.0;0.0;163.0;153.0;both;-5350.0
160;2023-12-08;VAH;15996.0;10;47.5;1;2023-12-08 17:16;15996.0;2023-12-08 17:22;16043.5;TP;9500.0;0.0;184.0;26.0;both;0.0
161;2023-12-15;VAH;16829.0;10;49.25;2;2023-12-15 17:47;16803.88;2023-12-15 20:52;16853.12;TP;19700.0;0.0;80.0;266.0;both;-14150.0
162;2023-12-15;VAL;16794.0;10;49.25;1;2023-12-15 18:48;16781.75;2023-12-15 20:26;16831.0;TP;9850.0;0.0;193.0;77.0;both;-2650.0
163;2023-12-19;VAL;16958.0;11;43.0;1;2023-12-19 15:02;16958.0;2023-12-19 15:32;17001.0;TP;9460.0;0.0;159.0;15.0;both;0.0
164;2023-12-19;VAH;16972.0;11;43.0;1;2023-12-19 15:02;16958.75;2023-12-19 15:32;17001.75;TP;9460.0;0.0;156.0;18.0;both;0.0
165;2023-12-20;VAH;17021.0;23;21.25;3;2023-12-20 19:05;16992.58;2023-12-20 19:43;16961.5;Emergency;-42895.0;0.0;68.0;256.0;both;-42895.0
166;2024-01-02;VAL;16677.0;12;40.25;1;2024-01-03 14:36;16611.5;2024-01-03 15:01;16651.75;TP;9660.0;0.0;123.0;72.0;both;-1980.0
167;2024-01-02;VAH;16699.0;12;40.25;1;2024-01-03 14:36;16611.5;2024-01-03 15:01;16651.75;TP;9660.0;0.0;123.0;72.0;both;-1980.0
168;2024-01-04;VAH;16485.0;10;45.75;3;2024-01-04 17:46;16438.25;2024-01-05 11:38;16370.0;Emergency;-40950.0;0.0;176.0;463.0;both;-40950.0
169;2024-01-05;VAH;16495.0;13;37.5;3;2024-01-05 16:50;16456.75;2024-01-07 23:01;16470.5;Expired;10725.0;0.0;113.0;365.0;both;-37635.0
170;2024-01-05;VAL;16445.0;13;37.5;1;2024-01-05 18:04;16445.0;2024-01-05 18:31;16482.5;TP;9750.0;0.0;108.0;59.0;both;-3185.0
171;2024-01-08;VAL;16708.0;11;44.0;1;2024-01-09 14:35;16701.5;2024-01-09 15:18;16745.5;TP;9680.0;0.0;165.0;164.0;both;-6215.0
172;2024-01-08;VAH;16725.0;11;44.0;1;2024-01-09 14:35;16701.5;2024-01-09 15:18;16745.5;TP;9680.0;0.0;165.0;164.0;both;-6215.0
173;2024-01-10;VAH;16860.0;13;38.0;2;2024-01-10 14:35;16840.0;2024-01-10 15:43;16878.0;TP;19760.0;0.0;56.0;234.0;both;-18070.0
174;2024-01-10;VAL;16849.0;13;38.0;2;2024-01-10 14:46;16829.88;2024-01-10 15:33;16867.88;TP;19760.0;0.0;73.0;190.0;both;-12805.0
175;2024-01-10;VAH;16833.0;13;38.0;1;2024-01-10 14:51;16833.0;2024-01-10 15:34;16871.0;TP;9880.0;0.0;143.0;126.0;both;-7215.0
176;2024-01-10;VAH;16874.0;13;38.0;1;2024-01-10 16:13;16874.0;2024-01-10 17:59;16912.0;TP;9880.0;0.0;147.0;77.0;both;-4290.0
177;2024-01-10;VAH;16922.0;13;38.0;1;2024-01-10 20:26;16922.0;2024-01-10 23:18;16960.0;TP;9880.0;0.0;148.0;117.0;both;-5330.0
178;2024-01-10;VAL;16901.0;13;38.0;1;2024-01-10 20:51;16901.0;2024-01-10 20:59;16939.0;TP;9880.0;0.0;149.0;33.0;both;0.0
179;2024-01-11;VAH;16969.0;12;39.75;3;2024-01-11 15:01;16896.83;2024-01-11 15:07;16841.25;Emergency;-40020.0;0.0;13.0;376.0;both;-40020.0
180;2024-01-10;VAH;16922.0;12;39.75;3;2024-01-11 15:04;16865.83;2024-01-11 16:14;16808.0;Emergency;-41640.0;0.0;25.0;390.0;both;-41640.0
181;2024-01-11;VAL;16919.0;12;39.75;3;2024-01-11 15:04;16864.83;2024-01-11 16:14;16808.0;Emergency;-40920.0;0.0;37.0;378.0;both;-40920.0
182;2024-01-12;VAH;16980.0;12;40.25;2;2024-01-12 15:01;16956.25;2024-01-14 23:01;16963.75;Expired;3600.0;0.0;104.0;266.0;both;-18000.0
183;2024-01-16;VAH;16918.0;14;35.0;2;2024-01-16 17:08;16899.75;2024-01-16 20:01;16934.75;TP;19600.0;0.0;121.0;224.0;both;-19740.0
184;2024-01-18;VAH;17022.0;9;54.75;1;2024-01-18 15:02;17022.0;2024-01-18 15:50;17076.75;TP;9855.0;0.0;204.0;143.0;both;-5355.0
185;2024-01-18;VAL;16988.0;9;54.75;1;2024-01-18 15:04;16988.0;2024-01-18 15:31;17042.75;TP;9855.0;0.0;202.0;7.0;both;0.0
186;2024-01-22;VAH;17549.0;10;47.0;3;2024-01-22 14:37;17501.42;2024-01-23 08:41;17426.5;Emergency;-44950.0;0.0;130.0;460.0;both;-44950.0
187;2024-01-22;VAL;17537.0;10;47.0;3;2024-01-22 14:41;17488.17;2024-01-23 10:42;17452.75;Expired;-21250.0;0.0;59.0;466.0;both;-37000.0
188;2024-01-24;VAH;17675.0;14;34.5;3;2024-01-24 19:16;17636.08;2024-01-24 21:06;17586.0;Emergency;-42070.0;0.0;64.0;324.0;both;-42070.0
189;2024-01-25;VAH;17710.0;9;52.25;1;2024-01-25 16:13;17698.5;2024-01-25 16:53;17750.75;TP;9405.0;0.0;201.0;5.0;both;0.0
190;2024-02-02;VAH;17569.0;9;51.5;1;2024-02-02 15:10;17569.0;2024-02-02 15:26;17620.5;TP;9270.0;0.0;203.0;24.0;both;0.0
191;2024-02-08;VAH;17842.0;19;26.0;1;2024-02-08 19:09;17842.0;2024-02-08 19:58;17868.0;TP;9880.0;0.0;91.0;59.0;both;-5035.0
192;2024-02-12;VAH;18041.0;14;33.75;3;2024-02-12 18:32;17998.92;2024-02-12 19:20;17944.0;Emergency;-46130.0;0.0;35.0;354.0;both;-46130.0
193;2024-02-13;VAH;17661.0;9;51.25;3;2024-02-13 18:50;17604.58;2024-02-13 20:56;17655.83;TP;27675.0;0.0;24.0;476.0;both;-30420.0
194;2024-02-27;VAL;17938.0;12;39.0;2;2024-02-28 14:36;17905.88;2024-02-28 16:01;17944.88;TP;18720.0;0.0;82.0;200.0;both;-10980.0
195;2024-02-27;VAH;17960.0;12;39.0;2;2024-02-28 14:36;17905.88;2024-02-28 16:01;17944.88;TP;18720.0;0.0;82.0;200.0;both;-10980.0
196;2024-02-28;VAH;17944.0;12;39.0;2;2024-02-28 14:36;17905.88;2024-02-28 16:01;17944.88;TP;18720.0;0.0;82.0;200.0;both;-10980.0
197;2024-02-29;VAH;18027.0;12;41.25;3;2024-02-29 15:11;17979.92;2024-02-29 16:40;17922.0;Emergency;-41700.0;0.0;85.0;382.0;both;-41700.0
198;2024-03-18;VAH;18348.0;15;33.0;3;2024-03-18 15:03;18313.25;2024-03-18 16:51;18266.5;Emergency;-42075.0;0.0;29.0;312.0;both;-42075.0
199;2024-03-18;VAL;18302.0;15;33.0;3;2024-03-18 15:17;18267.33;2024-03-18 19:58;18221.75;Emergency;-41025.0;0.0;102.0;297.0;both;-41025.0
200;2024-03-19;VAL;18175.0;20;24.5;1;2024-03-19 14:35;18090.75;2024-03-19 14:40;18115.25;TP;9800.0;0.0;77.0;8.0;both;0.0
201;2024-03-19;VAH;18191.0;20;24.5;1;2024-03-19 14:35;18090.75;2024-03-19 14:40;18115.25;TP;9800.0;0.0;77.0;8.0;both;0.0
202;2024-03-22;VAH;18541.0;27;18.5;1;2024-03-22 16:16;18541.0;2024-03-22 16:48;18559.5;TP;9990.0;0.0;71.0;50.0;both;-2970.0
203;2024-03-22;VAH;18564.0;27;18.5;1;2024-03-22 19:13;18564.0;2024-03-22 19:38;18582.5;TP;9990.0;0.0;69.0;68.0;both;-7020.0
204;2024-03-27;VAL;18474.0;19;25.25;1;2024-03-27 19:39;18455.25;2024-03-27 19:42;18480.5;TP;9595.0;0.0;98.0;2.0;both;0.0
205;2024-03-27;VAH;18489.0;19;25.25;1;2024-03-27 19:39;18455.25;2024-03-27 19:42;18480.5;TP;9595.0;0.0;98.0;2.0;both;0.0
206;2024-04-02;VAH;18275.0;25;20.0;1;2024-04-02 17:20;18275.0;2024-04-02 18:21;18295.0;TP;10000.0;0.0;75.0;22.0;both;-1250.0
207;2024-04-08;VAH;18333.0;11;41.75;2;2024-04-08 15:03;18312.12;2024-04-09 11:04;18291.75;Expired;-8965.0;0.0;93.0;324.0;both;-24255.0
208;2024-04-09;VAL;18245.0;12;38.5;3;2024-04-10 14:35;18168.58;2024-04-10 17:23;18207.08;TP;27720.0;0.0;104.0;369.0;both;-34800.0
209;2024-04-09;VAH;18264.0;12;38.5;3;2024-04-10 14:35;18168.58;2024-04-10 17:23;18207.08;TP;27720.0;0.0;104.0;369.0;both;-34800.0
210;2024-04-10;VAH;18152.0;12;38.5;1;2024-04-10 17:57;18148.75;2024-04-10 17:58;18187.25;TP;9240.0;0.0;159.0;2.0;both;0.0
211;2024-04-16;VAH;17921.0;17;29.0;1;2024-04-16 19:06;17921.0;2024-04-16 19:28;17950.0;TP;9860.0;0.0;92.0;39.0;both;-2720.0
212;2024-04-18;VAH;17647.0;25;20.0;1;2024-04-18 16:35;17647.0;2024-04-18 16:37;17667.0;TP;10000.0;0.0;126.0;18.0;both;0.0
213;2024-04-25;VAH;17445.0;10;46.75;1;2024-04-25 16:01;17413.75;2024-04-25 16:26;17460.5;TP;9350.0;0.0;184.0;67.0;both;-1550.0
214;2024-05-01;VAH;17464.0;28;17.5;1;2024-05-01 18:01;17464.0;2024-05-01 18:02;17481.5;TP;9800.0;0.0;209.0;27.0;both;0.0
215;2024-05-07;VAH;18221.0;41;12.0;4;2024-05-07 17:50;18201.06;2024-05-07 18:20;18181.75;Emergency;-63345.0;0.0;22.0;150.0;both;-63345.0
216;2024-05-07;VAL;18192.0;41;12.0;1;2024-05-07 18:00;18192.0;2024-05-07 18:02;18204.0;TP;9840.0;0.0;39.0;34.0;both;0.0
217;2024-05-09;VAH;18185.0;17;29.0;1;2024-05-09 15:56;18185.0;2024-05-09 16:47;18214.0;TP;9860.0;0.0;110.0;60.0;both;-2635.0
218;2024-05-14;VAH;18311.0;31;16.0;1;2024-05-14 15:46;18311.0;2024-05-14 15:51;18327.0;TP;9920.0;0.0;40.0;25.0;both;-465.0
219;2024-05-17;VAH;18664.0;34;14.5;3;2024-05-17 15:01;18644.92;2024-05-17 15:50;18622.25;Emergency;-46240.0;0.0;8.0;158.0;both;-46240.0
220;2024-05-17;VAL;18639.0;34;14.5;1;2024-05-17 15:05;18639.0;2024-05-17 15:09;18653.5;TP;9860.0;0.0;36.0;44.0;both;0.0
221;2024-05-20;VAH;18749.0;47;10.5;2;2024-05-20 17:28;18735.75;2024-05-20 18:28;18746.25;TP;19740.0;0.0;70.0;168.0;both;-24910.0
222;2024-05-22;VAH;18738.0;43;11.5;1;2024-05-22 20:21;18738.0;2024-05-22 20:22;18749.5;TP;9890.0;0.0;558.0;187.0;both;0.0
223;2024-05-23;VAH;18909.0;14;35.25;3;2024-05-23 16:01;18872.75;2024-05-23 17:24;18823.5;Emergency;-41370.0;0.0;98.0;368.0;both;-41370.0
224;2024-05-23;VAL;18861.0;14;35.25;3;2024-05-23 16:54;18824.33;2024-05-23 17:44;18764.0;Emergency;-50680.0;0.0;34.0;334.0;both;-50680.0
225;2024-05-28;VAL;18914.0;27;18.25;1;2024-05-28 14:35;18899.0;2024-05-28 14:47;18917.25;TP;9855.0;0.0;65.0;85.0;both;-8775.0
226;2024-05-28;VAH;18933.0;27;18.25;1;2024-05-28 14:35;18899.0;2024-05-28 14:47;18917.25;TP;9855.0;0.0;65.0;85.0;both;-8775.0
227;2024-05-28;VAH;18937.0;27;18.25;2;2024-05-28 15:01;18914.75;2024-05-28 15:32;18933.0;TP;19710.0;0.0;33.0;99.0;both;-11070.0
228;2024-05-28;VAL;18861.0;27;18.25;2;2024-05-28 18:31;18851.5;2024-05-28 18:59;18869.75;TP;19710.0;0.0;68.0;166.0;both;-25380.0
229;2024-05-28;VAH;18890.0;25;19.5;3;2024-05-29 14:35;18846.33;2024-05-29 16:39;18865.83;TP;29250.0;0.0;48.0;187.0;both;-34250.0
230;2024-05-28;VAL;18824.0;25;19.5;1;2024-05-29 15:20;18824.0;2024-05-29 15:22;18843.5;TP;9750.0;0.0;76.0;3.0;both;0.0
231;2024-05-31;VAH;18534.0;8;55.75;1;2024-05-31 19:53;18528.75;2024-05-31 20:00;18584.5;TP;8920.0;0.0;182.0;1.0;both;0.0
232;2024-05-31;VAH;18556.0;8;55.75;1;2024-05-31 19:53;18528.75;2024-05-31 20:00;18584.5;TP;8920.0;0.0;182.0;1.0;both;0.0
233;2024-06-04;VAH;18636.0;14;35.25;1;2024-06-04 19:06;18636.0;2024-06-04 19:13;18671.25;TP;9870.0;0.0;128.0;16.0;both;0.0
234;2024-06-06;VAH;19114.0;28;17.5;3;2024-06-06 15:01;19060.25;2024-06-06 16:44;19036.25;Emergency;-40320.0;0.0;53.0;189.0;both;-40320.0
235;2024-06-06;VAL;19072.0;28;17.5;1;2024-06-06 15:02;19072.0;2024-06-06 15:03;19089.5;TP;9800.0;0.0;55.0;16.0;both;0.0
236;2024-06-07;VAH;19147.0;35;14.0;1;2024-06-07 14:35;19037.0;2024-06-07 14:36;19051.0;TP;9800.0;0.0;42.0;8.0;both;0.0
237;2024-06-07;VAH;19040.0;35;14.0;2;2024-06-07 15:07;19033.0;2024-06-07 15:23;19047.0;TP;19600.0;0.0;44.0;99.0;both;-9800.0
238;2024-06-07;VAH;19088.0;35;14.0;4;2024-06-07 18:01;19062.62;2024-06-07 18:09;19035.0;Emergency;-77350.0;0.0;113.0;159.0;both;-77350.0
239;2024-06-07;VAL;19042.0;35;14.0;3;2024-06-07 18:09;19023.25;2024-06-07 18:21;19037.25;TP;29400.0;0.0;56.0;180.0;both;-38850.0
240;2024-06-11;VAH;19088.0;40;12.5;2;2024-06-11 15:44;19078.88;2024-06-11 16:11;19091.38;TP;20000.0;0.0;58.0;99.0;both;-14600.0
241;2024-06-25;VAH;19892.0;13;37.0;2;2024-06-25 16:47;19869.12;2024-06-25 17:42;19906.12;TP;19240.0;0.0;56.0;217.0;both;-15405.0
242;2024-06-25;VAL;19863.0;13;37.0;1;2024-06-25 16:56;19863.0;2024-06-25 17:38;19900.0;TP;9620.0;0.0;147.0;101.0;both;-6110.0
243;2024-06-25;VAH;19944.0;13;37.0;1;2024-06-25 18:01;19924.5;2024-06-25 18:30;19961.5;TP;9620.0;0.0;122.0;12.0;both;-195.0
244;2024-06-26;VAL;20011.0;10;45.5;2;2024-06-26 14:35;19961.12;2024-06-26 15:54;20006.62;TP;18200.0;0.0;95.0;293.0;both;-17450.0
245;2024-06-26;VAH;20021.0;10;45.5;2;2024-06-26 14:35;19961.12;2024-06-26 15:54;20006.62;TP;18200.0;0.0;95.0;293.0;both;-17450.0
246;2024-06-26;VAH;19978.0;10;45.5;3;2024-06-26 20:01;19927.92;2024-06-27 09:17;19973.42;TP;27300.0;0.0;114.0;415.0;both;-28750.0
247;2024-06-28;VAH;20168.0;14;34.5;3;2024-06-28 14:52;20127.33;2024-06-28 16:08;20078.0;Emergency;-41440.0;0.0;56.0;419.0;both;-41440.0
248;2024-07-02;VAH;20084.0;17;29.25;1;2024-07-02 16:01;20084.0;2024-07-02 16:43;20113.25;TP;9945.0;0.0;112.0;75.0;both;-2720.0
249;2024-07-05;VAH;20606.0;18;26.75;1;2024-07-05 18:30;20606.0;2024-07-05 19:29;20632.75;TP;9630.0;0.0;104.0;47.0;both;-3330.0
250;2024-07-08;VAH;20628.0;22;22.25;1;2024-07-08 16:11;20621.5;2024-07-08 17:14;20643.75;TP;9790.0;0.0;87.0;50.0;both;-3520.0
251;2024-07-10;VAH;20779.0;21;23.75;1;2024-07-10 16:03;20761.75;2024-07-10 16:21;20785.5;TP;9975.0;0.0;93.0;1.0;both;0.0
252;2024-07-12;VAH;20607.0;10;48.75;2;2024-07-12 19:38;20581.62;2024-07-14 22:01;20550.5;Expired;-12450.0;0.0;56.0;387.0;both;-25750.0
253;2024-07-12;VAL;20574.0;10;48.75;2;2024-07-12 19:44;20545.62;2024-07-14 22:01;20550.5;Expired;1950.0;0.0;83.0;255.0;both;-11350.0
254;2024-07-15;VAH;20634.0;15;32.5;1;2024-07-15 16:13;20634.0;2024-07-15 16:37;20666.5;TP;9750.0;0.0;127.0;123.0;both;-6300.0
255;2024-07-23;VAH;20034.0;11;43.75;4;2024-07-23 16:01;19934.38;2024-07-23 22:01;19832.25;Emergency;-89870.0;0.0;27.0;525.0;both;-89870.0
256;2024-07-25;VAL;19155.0;8;55.75;1;2024-07-25 14:35;19042.5;2024-07-25 14:37;19098.25;TP;8920.0;0.0;206.0;3.0;both;0.0
257;2024-07-25;VAH;19195.0;8;55.75;1;2024-07-25 14:35;19042.5;2024-07-25 14:37;19098.25;TP;8920.0;0.0;206.0;3.0;both;0.0
258;2024-07-25;VAH;19209.0;8;55.75;1;2024-07-25 15:01;19209.0;2024-07-25 15:18;19264.75;TP;8920.0;0.0;208.0;235.0;both;-7720.0
259;2024-07-25;VAH;19217.0;8;55.75;2;2024-07-25 18:12;19181.75;2024-07-25 19:28;19237.5;TP;17840.0;0.0;122.0;428.0;both;-20640.0
260;2024-07-25;VAL;19158.0;8;55.75;1;2024-07-25 18:47;19158.0;2024-07-25 19:26;19213.75;TP;8920.0;0.0;217.0;192.0;both;-6520.0
261;2024-07-25;VAL;19107.0;8;55.75;3;2024-07-25 19:47;19049.42;2024-07-25 20:04;18942.75;Emergency;-51200.0;0.0;59.0;558.0;both;-51200.0
262;2024-07-26;VAH;19151.0;3;128.0;1;2024-07-26 17:40;19151.0;2024-07-28 22:01;19208.0;Expired;3420.0;0.0;283.0;188.0;both;-2295.0
263;2024-07-31;VAH;19447.0;10;49.5;1;2024-07-31 19:28;19447.0;2024-07-31 19:36;19496.5;TP;9900.0;0.0;160.0;123.0;both;-3350.0
264;2024-08-01;VAL;18874.0;8;58.75;1;2024-08-02 15:44;18567.5;2024-08-02 15:47;18626.25;TP;9400.0;0.0;203.0;0.0;both;0.0
265;2024-08-01;VAH;18956.0;8;58.75;1;2024-08-02 15:44;18567.5;2024-08-02 15:47;18626.25;TP;9400.0;0.0;203.0;0.0;both;0.0
266;2024-08-12;VAH;18673.0;19;26.0;2;2024-08-12 15:24;18631.0;2024-08-12 15:51;18657.0;TP;19760.0;0.0;54.0;387.0;both;-31920.0
267;2024-08-14;VAH;19039.0;6;73.25;1;2024-08-14 16:45;19039.0;2024-08-14 18:59;19112.25;TP;8790.0;0.0;271.0;85.0;both;-60.0
268;2024-08-16;VAH;19583.0;15;32.25;1;2024-08-16 16:01;19575.25;2024-08-16 16:14;19607.5;TP;9675.0;0.0;109.0;44.0;both;-1575.0
269;2024-08-21;VAH;19888.0;10;48.75;1;2024-08-21 17:02;19865.0;2024-08-21 18:01;19913.75;TP;9750.0;0.0;144.0;42.0;both;-1700.0
270;2024-08-26;VAH;19626.0;11;44.0;1;2024-08-27 14:38;19626.0;2024-08-27 15:00;19670.0;TP;9680.0;0.0;140.0;12.0;both;0.0
271;2024-09-04;VAH;18953.0;8;59.0;1;2024-09-04 18:56;18953.0;2024-09-04 19:52;19012.0;TP;9440.0;0.0;205.0;181.0;both;-5760.0
272;2024-10-03;VAH;20047.0;5;96.25;2;2024-10-03 16:01;19988.75;2024-10-04 11:33;20085.0;TP;19250.0;0.0;179.0;643.0;both;-19900.0
273;2024-10-07;VAH;20154.0;19;26.0;2;2024-10-07 15:01;20139.75;2024-10-07 15:29;20165.75;TP;19760.0;0.0;50.0;140.0;both;-10830.0
274;2024-10-07;VAL;20118.0;19;26.0;1;2024-10-07 16:11;20118.0;2024-10-07 16:16;20144.0;TP;9880.0;0.0;93.0;41.0;both;0.0
275;2024-10-09;VAH;20355.0;20;24.5;1;2024-10-09 17:54;20355.0;2024-10-09 17:55;20379.5;TP;9800.0;0.0;170.0;0.0;both;0.0
276;2024-10-10;VAH;20405.0;15;31.75;1;2024-10-10 17:10;20405.0;2024-10-10 17:19;20436.75;TP;9525.0;0.0;126.0;4.0;both;0.0
277;2024-10-10;VAL;20373.0;15;31.75;1;2024-10-10 18:44;20373.0;2024-10-10 18:45;20404.75;TP;9525.0;0.0;116.0;2.0;both;0.0
278;2024-10-16;VAH;20309.0;20;24.25;1;2024-10-16 15:01;20273.75;2024-10-16 15:11;20298.0;TP;9700.0;0.0;67.0;38.0;both;-2300.0
279;2024-10-21;VAH;20483.0;17;29.0;2;2024-10-22 14:38;20466.25;2024-10-22 16:55;20495.25;TP;19720.0;0.0;115.0;231.0;both;-22270.0
280;2024-10-21;VAL;20458.0;17;29.0;1;2024-10-22 14:48;20458.0;2024-10-22 14:54;20487.0;TP;9860.0;0.0;114.0;33.0;both;-765.0
281;2024-10-22;VAH;20444.0;17;29.0;1;2024-10-22 16:48;20440.0;2024-10-22 16:51;20469.0;TP;9860.0;0.0;97.0;0.0;both;0.0
282;2024-10-24;VAH;20338.0;10;47.5;2;2024-10-24 14:46;20308.12;2024-10-24 16:34;20355.62;TP;19000.0;0.0;119.0;305.0;both;-17050.0
283;2024-10-24;VAL;20327.0;10;47.5;2;2024-10-24 14:51;20302.62;2024-10-24 16:33;20350.12;TP;19000.0;0.0;163.0;261.0;both;-14850.0
284;2024-11-04;VAH;20135.0;7;66.5;1;2024-11-04 15:18;20135.0;2024-11-04 15:25;20201.5;TP;9310.0;0.0;202.0;5.0;both;0.0
285;2024-11-04;VAH;20141.0;7;66.5;2;2024-11-04 18:38;20100.75;2024-11-05 11:38;20167.25;TP;18620.0;0.0;159.0;377.0;both;-15960.0
286;2024-11-05;VAH;20304.0;7;65.25;1;2024-11-05 18:38;20304.0;2024-11-05 21:06;20369.25;TP;9135.0;0.0;220.0;94.0;both;-2380.0
287;2024-11-06;VAH;20690.0;6;78.0;1;2024-11-06 15:01;20675.5;2024-11-06 15:16;20753.5;TP;9360.0;0.0;311.0;40.0;both;0.0
288;2024-11-08;VAH;21180.0;10;47.5;1;2024-11-08 15:06;21180.0;2024-11-08 16:56;21227.5;TP;9500.0;0.0;183.0;75.0;both;-2700.0
289;2024-11-13;VAH;21170.0;17;29.0;1;2024-11-13 19:46;21170.0;2024-11-13 19:54;21199.0;TP;9860.0;0.0;115.0;7.0;both;0.0
290;2024-11-18;VAH;20563.0;10;46.25;1;2024-11-18 14:40;20547.0;2024-11-18 15:13;20593.25;TP;9250.0;0.0;180.0;184.0;both;-7700.0
291;2024-11-19;VAH;20539.0;11;45.25;1;2024-11-19 15:01;20539.0;2024-11-19 15:30;20584.25;TP;9955.0;0.0;171.0;58.0;both;-3080.0
292;2024-11-29;VAL;20845.0;12;39.75;1;2024-11-29 14:36;20824.0;2024-11-29 14:39;20863.75;TP;9540.0;0.0;152.0;57.0;both;0.0
293;2024-11-29;VAH;20877.0;12;39.75;1;2024-11-29 14:36;20824.0;2024-11-29 14:39;20863.75;TP;9540.0;0.0;152.0;57.0;both;0.0
294;2024-12-02;VAH;21192.0;5;87.0;1;2024-12-02 19:12;21192.0;2024-12-03 15:13;21217.25;Expired;2525.0;0.0;206.0;231.0;both;-4850.0
295;2024-12-05;VAH;21538.0;15;31.75;3;2024-12-05 18:18;21493.75;2024-12-05 21:17;21444.5;Emergency;-44325.0;0.0;9.0;352.0;both;-44325.0
296;2024-12-09;VAL;21650.0;8;59.75;3;2024-12-09 14:46;21553.25;2024-12-09 16:08;21468.5;Emergency;-40680.0;0.0;98.0;613.0;both;-40680.0
297;2024-12-09;VAH;21655.0;8;59.75;3;2024-12-09 14:46;21553.25;2024-12-09 16:08;21468.5;Emergency;-40680.0;0.0;98.0;613.0;both;-40680.0
298;2024-12-12;VAH;21687.0;11;41.75;1;2024-12-12 16:46;21687.0;2024-12-12 17:56;21728.75;TP;9185.0;0.0;156.0;71.0;both;-2860.0
299;2024-12-12;VAH;21738.0;11;41.75;3;2024-12-12 18:01;21690.83;2024-12-12 21:02;21629.0;Emergency;-40810.0;0.0;28.0;417.0;both;-40810.0
300;2024-12-12;VAL;21696.0;11;41.75;2;2024-12-12 18:59;21673.62;2024-12-12 23:01;21715.38;TP;18370.0;0.0;78.0;367.0;both;-25795.0
301;2024-12-12;VAL;21667.0;11;41.75;2;2024-12-12 19:31;21644.88;2024-12-12 23:01;21686.62;TP;18370.0;0.0;113.0;251.0;both;-13145.0
302;2024-12-13;VAH;21840.0;15;32.25;1;2024-12-13 15:07;21840.0;2024-12-13 15:13;21872.25;TP;9675.0;0.0;110.0;87.0;both;-1950.0
303;2024-12-13;VAL;21825.0;15;32.25;1;2024-12-13 15:09;21825.0;2024-12-13 15:12;21857.25;TP;9675.0;0.0;113.0;27.0;both;0.0
304;2024-12-13;VAH;21801.0;15;32.25;3;2024-12-13 15:31;21762.17;2024-12-13 15:57;21712.25;Emergency;-44925.0;0.0;113.0;337.0;both;-44925.0
305;2025-01-03;VAH;21269.0;5;85.0;1;2025-01-03 15:22;21269.0;2025-01-03 15:35;21354.0;TP;8500.0;0.0;320.0;30.0;both;0.0
306;2025-01-06;VAH;21742.0;8;60.75;2;2025-01-06 18:03;21709.75;2025-01-06 21:01;21770.5;TP;19440.0;0.0;195.0;377.0;both;-17040.0
307;2025-01-17;VAH;21599.0;4;112.75;1;2025-01-17 16:01;21593.25;2025-01-19 23:01;21607.0;Expired;1100.0;0.0;315.0;134.0;both;-2140.0
308;2025-01-21;VAH;21747.0;14;34.0;1;2025-01-21 17:45;21712.0;2025-01-21 18:06;21746.0;TP;9520.0;0.0;129.0;10.0;both;0.0
309;2025-01-22;VAH;22033.0;6;79.25;3;2025-01-22 18:19;21951.25;2025-01-23 14:20;21888.5;Expired;-22590.0;0.0;73.0;680.0;both;-29340.0
310;2025-01-22;VAL;22008.0;6;79.25;2;2025-01-22 19:42;21968.25;2025-01-23 15:43;21927.75;Expired;-9720.0;0.0;136.0;580.0;both;-24000.0
311;2025-01-23;VAH;21915.0;16;30.25;1;2025-01-23 16:12;21915.0;2025-01-23 16:16;21945.25;TP;9680.0;0.0;119.0;73.0;both;-400.0
312;2025-01-24;VAH;22021.0;11;43.75;3;2025-01-24 15:05;21974.42;2025-01-24 18:13;21913.5;Emergency;-40205.0;0.0;68.0;436.0;both;-40205.0
313;2025-01-24;VAL;22000.0;11;43.75;3;2025-01-24 15:31;21946.42;2025-01-24 18:57;21872.75;Emergency;-48620.0;0.0;167.0;402.0;both;-48620.0
314;2025-01-27;VAH;21150.0;3;161.5;1;2025-01-27 18:02;21142.0;2025-01-27 21:05;21303.5;TP;9690.0;0.0;611.0;188.0;both;-2130.0
315;2025-01-27;VAH;21162.0;3;161.5;1;2025-01-27 18:02;21142.0;2025-01-27 21:05;21303.5;TP;9690.0;0.0;611.0;188.0;both;-2130.0
316;2025-01-31;VAH;21838.0;6;73.5;3;2025-01-31 18:21;21749.75;2025-01-31 19:45;21626.5;Emergency;-44370.0;0.0;186.0;793.0;both;-44370.0
317;2025-02-03;VAH;21474.0;8;61.0;1;2025-02-04 14:35;21448.5;2025-02-04 14:40;21509.5;TP;9760.0;0.0;232.0;15.0;both;0.0
318;2025-02-11;VAH;21800.0;7;67.0;2;2025-02-11 16:55;21760.38;2025-02-11 18:38;21827.38;TP;18760.0;0.0;66.0;337.0;both;-11095.0
319;2025-02-11;VAH;21729.0;7;67.0;1;2025-02-11 17:09;21729.0;2025-02-11 17:32;21796.0;TP;9380.0;0.0;260.0;53.0;both;0.0
320;2025-02-11;VAL;21722.0;7;67.0;1;2025-02-11 17:09;21722.0;2025-02-11 17:25;21789.0;TP;9380.0;0.0;261.0;25.0;both;0.0
321;2025-02-12;VAH;21605.0;11;44.0;1;2025-02-12 15:08;21605.0;2025-02-12 15:18;21649.0;TP;9680.0;0.0;161.0;98.0;both;-3740.0
322;2025-02-13;VAH;21908.0;5;87.25;1;2025-02-13 18:20;21908.0;2025-02-13 18:59;21995.25;TP;8725.0;0.0;339.0;70.0;both;0.0
323;2025-02-19;VAH;22263.0;13;37.5;3;2025-02-19 20:10;22218.75;2025-02-20 01:57;22166.75;Emergency;-40560.0;0.0;81.0;405.0;both;-40560.0
324;2025-02-19;VAL;22229.0;13;37.5;3;2025-02-19 20:28;22185.08;2025-02-20 14:19;22222.58;TP;29250.0;0.0;118.0;352.0;both;-32435.0
325;2025-02-19;VAL;22229.0;10;45.5;3;2025-02-20 14:41;22147.92;2025-02-20 14:54;22060.75;Emergency;-52300.0;0.0;57.0;438.0;both;-52300.0
326;2025-02-19;VAH;22263.0;10;45.5;3;2025-02-20 14:41;22147.92;2025-02-20 14:54;22060.75;Emergency;-52300.0;0.0;57.0;438.0;both;-52300.0
327;2025-02-28;VAH;20623.0;3;129.5;2;2025-02-28 17:44;20556.75;2025-02-28 19:40;20686.25;TP;15540.0;0.0;220.0;555.0;both;-7950.0
328;2025-03-04;VAH;20408.0;4;104.25;1;2025-03-04 20:51;20408.0;2025-03-04 21:14;20512.25;TP;8340.0;0.0;403.0;335.0;both;-6020.0
329;2025-03-04;VAH;20408.0;7;63.25;1;2025-03-05 14:41;20376.25;2025-03-05 14:42;20439.5;TP;8855.0;0.0;210.0;7.0;both;0.0
330;2025-03-04;VAL;20473.0;7;63.25;1;2025-03-05 14:41;20376.25;2025-03-05 14:42;20439.5;TP;8855.0;0.0;210.0;7.0;both;0.0
331;2025-03-04;VAH;20719.0;7;63.25;1;2025-03-05 14:41;20376.25;2025-03-05 14:42;20439.5;TP;8855.0;0.0;210.0;7.0;both;0.0
332;2025-03-12;VAH;19638.0;4;109.25;2;2025-03-12 16:09;19563.5;2025-03-13 12:10;19490.0;Expired;-11760.0;0.0;414.0;894.0;both;-25440.0
333;2025-03-13;VAH;19468.0;8;61.0;3;2025-03-13 14:36;19388.17;2025-03-13 15:37;19303.75;Emergency;-40520.0;0.0;134.0;552.0;both;-40520.0
334;2025-03-13;VAL;19432.0;8;61.0;3;2025-03-13 14:40;19367.08;2025-03-13 16:47;19283.75;Emergency;-40000.0;0.0;243.0;622.0;both;-40000.0
335;2025-03-17;VAH;20044.0;11;44.5;3;2025-03-17 19:57;19993.83;2025-03-18 04:42;19926.75;Emergency;-44275.0;0.0;90.0;458.0;both;-44275.0
336;2025-03-17;VAL;19933.0;12;39.75;3;2025-03-18 14:35;19663.25;2025-03-18 16:12;19703.0;TP;28620.0;0.0;98.0;420.0;both;-35460.0
337;2025-03-17;VAH;20044.0;12;39.75;3;2025-03-18 14:35;19663.25;2025-03-18 16:12;19703.0;TP;28620.0;0.0;98.0;420.0;both;-35460.0
338;2025-03-19;VAH;19895.0;14;34.0;3;2025-03-19 16:14;19859.5;2025-03-19 17:17;19811.25;Emergency;-40530.0;0.0;59.0;342.0;both;-40530.0
339;2025-03-19;VAL;19835.0;14;34.0;2;2025-03-19 17:10;19817.5;2025-03-19 18:01;19851.5;TP;19040.0;0.0;60.0;198.0;both;-13720.0
340;2025-03-19;VAH;19774.0;14;34.0;1;2025-03-19 18:01;19774.0;2025-03-19 18:02;19808.0;TP;9520.0;0.0;488.0;20.0;both;0.0
341;2025-03-20;VAH;19931.0;14;33.75;2;2025-03-20 16:26;19907.25;2025-03-20 17:10;19941.0;TP;18900.0;0.0;64.0;287.0;both;-23520.0
342;2025-03-25;VAH;20421.0;14;34.0;1;2025-03-25 16:32;20421.0;2025-03-25 16:53;20455.0;TP;9520.0;0.0;129.0;14.0;both;-210.0
343;2025-03-26;VAH;20145.0;14;34.75;1;2025-03-27 14:35;20119.25;2025-03-27 14:39;20154.0;TP;9730.0;0.0;122.0;0.0;both;0.0
344;2025-03-26;VAL;20082.0;14;34.75;1;2025-03-27 15:39;20082.0;2025-03-27 16:17;20116.75;TP;9730.0;0.0;127.0;172.0;both;-9590.0
345;2025-03-31;VAH;19402.0;6;78.5;2;2025-03-31 20:01;19358.88;2025-04-01 07:02;19437.38;TP;18840.0;0.0;210.0;475.0;both;-16830.0
346;2025-04-02;VAH;19712.0;11;44.5;3;2025-04-02 18:06;19657.08;2025-04-02 19:32;19701.58;TP;29370.0;0.0;15.0;429.0;both;-32890.0
347;2025-04-02;VAL;19625.0;11;44.5;1;2025-04-02 18:29;19625.0;2025-04-02 18:36;19669.5;TP;9790.0;0.0;117.0;81.0;both;-2695.0
348;2025-04-02;VAH;19701.0;11;44.5;1;2025-04-02 20:12;19701.0;2025-04-02 20:14;19745.5;TP;9790.0;0.0;192.0;33.0;both;0.0
349;2025-04-02;VAL;19641.0;11;44.5;3;2025-04-02 20:28;19508.58;2025-04-02 20:30;19392.25;Emergency;-76780.0;0.0;535.0;796.0;both;-76780.0
350;2025-04-09;VAL;18834.0;4;107.75;3;2025-04-10 14:35;18597.25;2025-04-10 15:34;18422.75;Emergency;-41880.0;0.0;275.0;1169.0;both;-41880.0
351;2025-04-09;VAH;19001.0;4;107.75;3;2025-04-10 14:35;18597.25;2025-04-10 15:34;18422.75;Emergency;-41880.0;0.0;275.0;1169.0;both;-41880.0
352;2025-04-11;VAH;18599.0;3;165.75;1;2025-04-11 16:06;18570.75;2025-04-11 16:38;18736.5;TP;9945.0;0.0;591.0;156.0;both;-1185.0
353;2025-04-16;VAH;18602.0;15;32.0;1;2025-04-16 14:38;18602.0;2025-04-16 14:41;18634.0;TP;9600.0;0.0;92.0;26.0;both;0.0
354;2025-04-16;VAL;18555.0;15;32.0;1;2025-04-16 16:07;18555.0;2025-04-16 16:11;18587.0;TP;9600.0;0.0;116.0;20.0;both;0.0
355;2025-04-22;VAH;18383.0;12;39.0;3;2025-04-22 17:12;18338.83;2025-04-22 17:29;18269.75;Emergency;-49740.0;0.0;144.0;437.0;both;-49740.0
356;2025-04-22;VAL;18327.0;12;39.0;1;2025-04-22 17:17;18327.0;2025-04-22 17:27;18366.0;TP;9360.0;0.0;129.0;205.0;both;-8940.0
357;2025-04-22;VAH;18360.0;12;39.0;3;2025-04-22 19:09;18305.25;2025-04-22 19:40;18244.5;Emergency;-43740.0;0.0;35.0;438.0;both;-43740.0
358;2025-04-29;VAL;19532.0;9;55.0;1;2025-04-29 14:35;19528.75;2025-04-29 14:56;19583.75;TP;9900.0;0.0;212.0;29.0;both;0.0
359;2025-04-29;VAH;19555.0;9;55.0;1;2025-04-29 14:35;19528.75;2025-04-29 14:56;19583.75;TP;9900.0;0.0;212.0;29.0;both;0.0
360;2025-04-29;VAH;19604.0;9;55.0;3;2025-04-29 20:31;19546.92;2025-04-30 08:14;19601.92;TP;29700.0;0.0;79.0;475.0;both;-31950.0
361;2025-04-30;VAH;19353.0;8;56.25;1;2025-04-30 17:11;19353.0;2025-04-30 17:21;19409.25;TP;9000.0;0.0;221.0;64.0;both;-960.0
362;2025-05-01;VAH;19985.0;16;30.0;2;2025-05-01 15:56;19965.88;2025-05-01 16:09;19995.88;TP;19200.0;0.0;45.0;208.0;both;-12240.0
363;2025-05-01;VAL;19928.0;16;30.0;1;2025-05-01 16:17;19928.0;2025-05-01 16:26;19958.0;TP;9600.0;0.0;104.0;72.0;both;0.0
364;2025-05-06;VAH;19855.0;18;27.25;1;2025-05-06 17:41;19855.0;2025-05-06 18:03;19882.25;TP;9810.0;0.0;59.0;70.0;both;-3960.0
365;2025-05-06;VAH;19912.0;18;27.25;3;2025-05-06 19:53;19874.58;2025-05-06 20:29;19836.0;Emergency;-41670.0;0.0;80.0;246.0;both;-41670.0
366;2025-05-06;VAL;19858.0;18;27.25;1;2025-05-06 20:01;19858.0;2025-05-06 20:16;19885.25;TP;9810.0;0.0;104.0;18.0;both;0.0
367;2025-05-15;VAH;21329.0;14;35.25;1;2025-05-15 19:26;21329.0;2025-05-15 19:35;21364.25;TP;9870.0;0.0;133.0;101.0;both;-2800.0
368;2025-05-18;VAL;21401.0;17;28.0;1;2025-05-19 14:35;21401.0;2025-05-19 14:42;21429.0;TP;9520.0;0.0;108.0;9.0;both;0.0
369;2025-05-18;VAH;21413.0;17;28.0;1;2025-05-19 14:35;21401.5;2025-05-19 14:42;21429.5;TP;9520.0;0.0;106.0;11.0;both;0.0
370;2025-05-20;VAH;21389.0;16;30.75;1;2025-05-21 14:35;21381.25;2025-05-21 14:41;21412.0;TP;9840.0;0.0;100.0;37.0;both;-800.0
371;2025-05-21;VAH;21411.0;16;30.75;3;2025-05-21 17:17;21363.25;2025-05-21 17:21;21320.0;Emergency;-41520.0;0.0;110.0;266.0;both;-41520.0
372;2025-05-21;VAH;21369.0;16;30.75;2;2025-05-21 17:20;21339.0;2025-05-21 17:21;21369.75;TP;19680.0;0.0;91.0;54.0;both;0.0
373;2025-05-21;VAL;21381.0;16;30.75;2;2025-05-21 17:20;21339.0;2025-05-21 17:21;21369.75;TP;19680.0;0.0;91.0;54.0;both;0.0
374;2025-05-23;VAL;21109.0;14;34.0;3;2025-05-23 14:35;20930.42;2025-05-23 15:26;20964.42;TP;28560.0;0.0;91.0;320.0;both;-29750.0
375;2025-05-23;VAH;21139.0;14;34.0;3;2025-05-23 14:35;20930.42;2025-05-23 15:26;20964.42;TP;28560.0;0.0;91.0;320.0;both;-29750.0
376;2025-05-28;VAH;21515.0;13;36.25;4;2025-05-29 14:59;21439.88;2025-05-29 15:58;21366.5;Emergency;-76310.0;0.0;56.0;351.0;both;-76310.0
377;2025-05-28;VAL;21522.0;13;36.25;4;2025-05-29 14:59;21439.88;2025-05-29 15:58;21366.5;Emergency;-76310.0;0.0;56.0;351.0;both;-76310.0
378;2025-05-28;VAH;21529.0;13;36.25;4;2025-05-29 14:59;21439.88;2025-05-29 15:58;21366.5;Emergency;-76310.0;0.0;56.0;351.0;both;-76310.0
379;2025-05-29;VAH;21559.0;13;36.25;4;2025-05-29 14:59;21439.88;2025-05-29 15:58;21366.5;Emergency;-76310.0;0.0;56.0;351.0;both;-76310.0
380;2025-05-30;VAH;21379.0;20;24.0;2;2025-05-30 15:01;21340.75;2025-05-30 15:28;21364.75;TP;19200.0;0.0;74.0;153.0;both;-13800.0
381;2025-05-30;VAL;21296.0;20;24.0;1;2025-05-30 15:42;21296.0;2025-05-30 15:44;21320.0;TP;9600.0;0.0;79.0;31.0;both;0.0
382;2025-06-02;VAH;21459.0;31;16.0;1;2025-06-02 15:01;21397.25;2025-06-02 15:02;21413.25;TP;9920.0;0.0;62.0;4.0;both;0.0
383;2025-06-05;VAH;21742.0;7;66.75;1;2025-06-05 14:35;21742.0;2025-06-05 14:39;21808.75;TP;9345.0;0.0;217.0;152.0;both;-1995.0
384;2025-06-05;VAL;21749.0;7;66.75;1;2025-06-05 14:35;21749.0;2025-06-05 14:42;21815.75;TP;9345.0;0.0;241.0;180.0;both;-2975.0
385;2025-06-05;VAH;21769.0;7;66.75;1;2025-06-05 14:35;21750.5;2025-06-05 14:42;21817.25;TP;9345.0;0.0;235.0;186.0;both;-3185.0
386;2025-06-05;VAL;21730.0;7;66.75;1;2025-06-05 14:36;21730.0;2025-06-05 14:39;21796.75;TP;9345.0;0.0;265.0;104.0;both;0.0
387;2025-06-05;VAH;21822.0;7;66.75;3;2025-06-05 16:18;21744.0;2025-06-05 18:17;21626.75;Emergency;-49245.0;0.0;198.0;650.0;both;-49245.0
388;2025-06-05;VAL;21736.0;7;66.75;3;2025-06-05 16:48;21637.75;2025-06-05 19:19;21533.75;Emergency;-43680.0;0.0;215.0;825.0;both;-43680.0
389;2025-06-10;VAH;21872.0;28;17.25;1;2025-06-10 14:35;21872.0;2025-06-10 14:48;21889.25;TP;9660.0;0.0;59.0;47.0;both;-5180.0
390;2025-06-10;VAH;21911.0;28;17.25;1;2025-06-10 19:54;21911.0;2025-06-10 19:55;21928.25;TP;9660.0;0.0;104.0;1.0;both;0.0
391;2025-06-11;VAH;22020.0;29;16.75;1;2025-06-11 15:10;22020.0;2025-06-11 15:17;22036.75;TP;9715.0;0.0;67.0;135.0;both;0.0
392;2025-06-11;VAL;21959.0;29;16.75;1;2025-06-11 17:45;21959.0;2025-06-11 17:46;21975.75;TP;9715.0;0.0;91.0;10.0;both;0.0
393;2025-06-12;VAH;21883.0;28;17.25;1;2025-06-12 15:24;21883.0;2025-06-12 15:25;21900.25;TP;9660.0;0.0;150.0;8.0;both;0.0
394;2025-06-13;VAH;21753.0;9;54.75;3;2025-06-13 17:45;21696.42;2025-06-13 18:40;21621.25;Emergency;-40590.0;0.0;209.0;584.0;both;-40590.0
395;2025-06-18;VAH;22014.0;32;15.5;1;2025-06-18 17:47;22006.5;2025-06-18 17:49;22022.0;TP;9920.0;0.0;58.0;2.0;both;0.0
396;2025-06-27;VAH;22809.0;21;22.75;3;2025-06-27 16:01;22781.33;2025-06-27 17:46;22730.75;Emergency;-63735.0;0.0;4.0;328.0;both;-63735.0
397;2025-06-27;VAL;22776.0;21;22.75;1;2025-06-27 16:44;22776.0;2025-06-27 16:58;22798.75;TP;9555.0;0.0;79.0;26.0;both;-840.0
398;2025-07-10;VAH;22964.0;19;25.5;1;2025-07-10 16:13;22964.0;2025-07-10 16:24;22989.5;TP;9690.0;0.0;94.0;3.0;both;0.0
399;2025-07-15;VAH;23192.0;12;40.75;2;2025-07-15 16:01;23131.75;2025-07-15 18:01;23172.5;TP;19560.0;0.0;54.0;298.0;both;-19560.0
400;2025-07-15;VAL;23139.0;12;40.75;2;2025-07-15 16:10;23115.0;2025-07-15 17:55;23155.75;TP;19560.0;0.0;86.0;224.0;both;-11520.0
401;2025-07-15;VAH;23159.0;12;40.75;3;2025-07-15 18:36;23116.42;2025-07-15 20:00;23053.5;Emergency;-45300.0;0.0;39.0;359.0;both;-45300.0
402;2025-07-16;VAH;23021.0;13;36.5;2;2025-07-16 14:35;22999.25;2025-07-16 15:13;23035.75;TP;18980.0;0.0;51.0;244.0;both;-16900.0
403;2025-07-16;VAL;23005.0;13;36.5;2;2025-07-16 14:36;22985.88;2025-07-16 15:05;23022.38;TP;18980.0;0.0;115.0;180.0;both;-9945.0
404;2025-07-22;VAH;23315.0;11;42.75;2;2025-07-22 15:01;23200.38;2025-07-22 17:29;23243.12;TP;18810.0;0.0;51.0;260.0;both;-15565.0
405;2025-07-23;VAH;23191.0;17;28.75;1;2025-07-23 14:50;23182.0;2025-07-23 15:01;23210.75;TP;9775.0;0.0;86.0;22.0;both;0.0
406;2025-07-23;VAL;23206.0;17;28.75;1;2025-07-23 14:50;23182.0;2025-07-23 15:01;23210.75;TP;9775.0;0.0;86.0;22.0;both;0.0
407;2025-07-23;VAH;23234.0;17;28.75;1;2025-07-23 14:50;23182.0;2025-07-23 15:01;23210.75;TP;9775.0;0.0;86.0;22.0;both;0.0
408;2025-08-01;VAL;23068.0;10;46.0;3;2025-08-01 14:35;22961.58;2025-08-01 15:47;23007.58;TP;27600.0;0.0;43.0;464.0;both;-36350.0
409;2025-08-01;VAH;23113.0;10;46.0;3;2025-08-01 14:35;22961.58;2025-08-01 15:47;23007.58;TP;27600.0;0.0;43.0;464.0;both;-36350.0
410;2025-08-12;VAH;23800.0;20;24.25;1;2025-08-12 15:01;23776.75;2025-08-12 15:06;23801.0;TP;9700.0;0.0;73.0;15.0;both;0.0
411;2025-08-17;VAL;23796.0;14;35.25;2;2025-08-18 14:35;23756.62;2025-08-18 17:32;23791.88;TP;19740.0;0.0;21.0;255.0;both;-18550.0
412;2025-08-17;VAH;23799.0;14;35.25;2;2025-08-18 14:35;23756.62;2025-08-18 17:32;23791.88;TP;19740.0;0.0;21.0;255.0;both;-18550.0
413;2025-08-20;VAH;23252.0;9;52.5;1;2025-08-21 14:42;23252.0;2025-08-21 15:01;23304.5;TP;9450.0;0.0;198.0;11.0;both;0.0
414;2025-08-21;VAH;23268.0;9;52.5;2;2025-08-21 15:06;23239.88;2025-08-21 15:42;23292.38;TP;18900.0;0.0;94.0;256.0;both;-10125.0
415;2025-08-21;VAL;23218.0;9;52.5;1;2025-08-21 15:13;23218.0;2025-08-21 15:24;23270.5;TP;9450.0;0.0;122.0;56.0;both;-1125.0
416;2025-08-20;VAL;23200.0;9;52.5;2;2025-08-21 15:56;23170.38;2025-08-21 17:49;23222.88;TP;18900.0;0.0;74.0;324.0;both;-17055.0
417;2025-08-22;VAH;23563.0;9;51.25;1;2025-08-22 19:35;23563.0;2025-08-24 22:01;23588.25;Expired;4545.0;0.0;98.0;127.0;both;-4950.0
418;2025-08-26;VAH;23541.0;29;16.75;1;2025-08-26 19:06;23541.0;2025-08-26 19:22;23557.75;TP;9715.0;0.0;52.0;22.0;both;-1740.0
419;2025-08-27;VAH;23561.0;30;16.5;1;2025-08-27 16:26;23561.0;2025-08-27 16:43;23577.5;TP;9900.0;0.0;55.0;76.0;both;-8550.0
420;2025-08-27;VAL;23516.0;30;16.5;1;2025-08-27 20:35;23514.5;2025-08-27 20:36;23531.0;TP;9900.0;0.0;98.0;26.0;both;0.0
421;2025-08-28;VAH;23742.0;10;49.25;1;2025-08-28 15:01;23714.25;2025-08-28 16:29;23763.5;TP;9850.0;0.0;154.0;197.0;both;-8450.0
422;2025-09-03;VAH;23415.0;11;43.0;1;2025-09-03 15:32;23415.0;2025-09-03 16:22;23458.0;TP;9460.0;0.0;156.0;59.0;both;-2200.0
423;2025-09-03;VAL;23378.0;11;43.0;2;2025-09-03 17:49;23353.0;2025-09-03 19:45;23396.0;TP;18920.0;0.0;93.0;239.0;both;-13860.0
424;2025-09-10;VAH;23950.0;22;22.0;2;2025-09-10 15:17;23938.88;2025-09-10 15:46;23960.88;TP;19360.0;0.0;68.0;110.0;both;-12650.0
425;2025-09-10;VAL;23922.0;22;22.0;3;2025-09-10 17:01;23897.67;2025-09-10 18:20;23861.0;Emergency;-48400.0;0.0;73.0;204.0;both;-48400.0
426;2025-09-16;VAL;24598.0;41;12.0;1;2025-09-16 14:35;24541.25;2025-09-16 14:38;24553.25;TP;9840.0;0.0;47.0;1.0;both;0.0
427;2025-09-16;VAH;24614.0;41;12.0;1;2025-09-16 14:35;24541.25;2025-09-16 14:38;24553.25;TP;9840.0;0.0;47.0;1.0;both;0.0
428;2025-09-18;VAH;24700.0;17;28.25;1;2025-09-18 19:49;24700.0;2025-09-18 19:54;24728.25;TP;9605.0;0.0;108.0;13.0;both;0.0
429;2025-09-25;VAH;24536.0;18;27.5;3;2025-09-25 17:50;24500.67;2025-09-25 18:05;24456.5;Emergency;-47700.0;0.0;80.0;278.0;both;-47700.0
430;2025-09-25;VAH;24619.0;18;27.5;1;2025-09-25 19:01;24619.0;2025-09-25 20:39;24646.5;TP;9900.0;0.0;109.0;108.0;both;-9000.0
431;2025-09-30;VAH;24800.0;12;38.75;1;2025-09-30 15:20;24800.0;2025-09-30 16:22;24838.75;TP;9300.0;0.0;84.0;178.0;both;-7800.0
432;2025-09-30;VAH;24844.0;12;38.75;3;2025-09-30 20:39;24804.0;2025-10-01 06:34;24745.25;Emergency;-42300.0;0.0;131.0;387.0;both;-42300.0
433;2025-10-02;VAH;25085.0;15;32.25;2;2025-10-02 16:01;25060.38;2025-10-02 17:26;25092.62;TP;19350.0;0.0;47.0;174.0;both;-10275.0
434;2025-10-02;VAL;25051.0;15;32.25;1;2025-10-02 16:23;25051.0;2025-10-02 17:18;25083.25;TP;9675.0;0.0;124.0;68.0;both;-2325.0
435;2025-10-13;VAH;24909.0;7;62.75;1;2025-10-13 16:01;24893.75;2025-10-13 17:04;24956.5;TP;8785.0;0.0;250.0;99.0;both;-1610.0
436;2025-10-14;VAL;24907.0;10;46.75;1;2025-10-14 14:35;24697.25;2025-10-14 15:06;24744.0;TP;9350.0;0.0;186.0;108.0;both;-4200.0
437;2025-10-14;VAH;24926.0;10;46.75;1;2025-10-14 14:35;24697.25;2025-10-14 15:06;24744.0;TP;9350.0;0.0;186.0;108.0;both;-4200.0
438;2025-10-21;VAH;25295.0;17;29.0;2;2025-10-21 15:01;25279.75;2025-10-21 15:48;25308.75;TP;19720.0;0.0;35.0;213.0;both;-13940.0
439;2025-10-21;VAL;25243.0;17;29.0;1;2025-10-21 15:18;25243.0;2025-10-21 15:20;25272.0;TP;9860.0;0.0;107.0;5.0;both;0.0
440;2025-10-29;VAH;26275.0;33;15.0;1;2025-10-29 20:01;26275.0;2025-10-29 20:02;26290.0;TP;9900.0;0.0;300.0;42.0;both;0.0
441;2025-10-29;VAH;26273.0;33;15.0;1;2025-10-29 20:01;26273.0;2025-10-29 20:02;26288.0;TP;9900.0;0.0;308.0;34.0;both;0.0
442;2025-10-30;VAL;26176.0;8;57.75;1;2025-10-30 20:46;26131.75;2025-10-30 22:01;26189.5;TP;9240.0;0.0;71.0;43.0;both;-960.0
443;2025-10-30;VAH;26274.0;8;57.75;1;2025-10-30 20:46;26131.75;2025-10-30 22:01;26189.5;TP;9240.0;0.0;71.0;43.0;both;-960.0
444;2025-11-04;VAL;25701.0;5;84.5;1;2025-11-04 14:41;25688.75;2025-11-04 14:45;25773.25;TP;8450.0;0.0;332.0;35.0;both;0.0
445;2025-11-04;VAH;25757.0;5;84.5;1;2025-11-04 14:41;25688.75;2025-11-04 14:45;25773.25;TP;8450.0;0.0;332.0;35.0;both;0.0
446;2025-11-04;VAH;25733.0;5;84.5;3;2025-11-04 16:52;25645.42;2025-11-04 23:49;25511.75;Emergency;-40100.0;0.0;139.0;887.0;both;-40100.0
447;2025-11-10;VAH;25552.0;7;66.5;2;2025-11-10 15:55;25516.62;2025-11-10 17:39;25583.12;TP;18620.0;0.0;120.0;400.0;both;-15295.0
448;2025-11-17;VAH;25091.0;3;127.5;2;2025-11-17 15:09;25026.25;2025-11-17 16:42;25153.75;TP;15300.0;0.0;268.0;584.0;both;-9000.0
449;2025-11-17;VAH;25136.0;3;127.5;3;2025-11-17 17:20;24997.83;2025-11-17 19:57;24772.75;Emergency;-40515.0;0.0;115.0;1458.0;both;-40515.0
450;2025-11-17;VAL;25073.0;3;127.5;3;2025-11-17 17:50;24916.83;2025-11-18 04:18;24673.25;Emergency;-43845.0;0.0;116.0;1436.0;both;-43845.0
451;2025-11-19;VAH;24684.0;8;60.75;3;2025-11-19 16:25;24619.33;2025-11-19 17:38;24520.5;Emergency;-47440.0;0.0;164.0;613.0;both;-47440.0
452;2025-11-19;VAL;24656.0;8;60.75;1;2025-11-19 16:37;24656.0;2025-11-19 17:00;24716.75;TP;9720.0;0.0;205.0;29.0;both;0.0
453;2025-11-21;VAH;24198.0;4;121.0;2;2025-11-21 14:37;24127.38;2025-11-21 16:49;24248.38;TP;19360.0;0.0;400.0;1083.0;both;-28980.0
454;2025-12-02;VAL;25487.0;8;55.75;2;2025-12-02 16:23;25455.12;2025-12-02 16:41;25510.88;TP;17840.0;0.0;103.0;290.0;both;-11960.0
455;2025-12-02;VAH;25502.0;8;55.75;2;2025-12-02 16:23;25462.62;2025-12-02 16:41;25518.38;TP;17840.0;0.0;43.0;350.0;both;-14360.0
456;2025-12-04;VAL;25626.0;5;97.5;2;2025-12-04 14:41;25566.25;2025-12-05 01:01;25663.75;TP;19500.0;0.0;161.0;514.0;both;-13400.0
457;2025-12-04;VAH;25655.0;5;97.5;2;2025-12-04 14:41;25566.25;2025-12-05 01:01;25663.75;TP;19500.0;0.0;161.0;514.0;both;-13400.0
458;2025-12-05;VAH;25657.0;4;100.75;1;2025-12-05 16:33;25657.0;2025-12-05 16:59;25757.75;TP;8060.0;0.0;376.0;23.0;both;0.0
459;2025-12-08;VAL;25592.0;6;79.0;1;2025-12-09 14:38;25592.0;2025-12-09 15:44;25671.0;TP;9480.0;0.0;312.0;11.0;both;0.0
460;2025-12-08;VAH;25618.0;6;79.0;1;2025-12-09 14:38;25596.75;2025-12-09 15:44;25675.75;TP;9480.0;0.0;293.0;30.0;both;0.0
461;2025-12-10;VAH;25651.0;9;55.0;1;2025-12-10 19:01;25614.5;2025-12-10 19:02;25669.5;TP;9900.0;0.0;442.0;48.0;both;0.0
462;2025-12-11;VAH;25631.0;6;78.0;1;2025-12-11 17:42;25631.0;2025-12-11 19:36;25709.0;TP;9360.0;0.0;295.0;208.0;both;-5280.0
